-- phpMyAdmin SQL Dump
-- version 4.8.5
-- https://www.phpmyadmin.net/
--
-- Host: 127.0.0.1
-- Generation Time: Oct 25, 2021 at 07:08 PM
-- Server version: 10.1.38-MariaDB
-- PHP Version: 7.3.2

SET SQL_MODE = "NO_AUTO_VALUE_ON_ZERO";
SET AUTOCOMMIT = 0;
START TRANSACTION;
SET time_zone = "+00:00";


/*!40101 SET @OLD_CHARACTER_SET_CLIENT=@@CHARACTER_SET_CLIENT */;
/*!40101 SET @OLD_CHARACTER_SET_RESULTS=@@CHARACTER_SET_RESULTS */;
/*!40101 SET @OLD_COLLATION_CONNECTION=@@COLLATION_CONNECTION */;
/*!40101 SET NAMES utf8mb4 */;

--
-- Database: `newsportal`
--

-- --------------------------------------------------------

--
-- Table structure for table `admins`
--

CREATE TABLE `admins` (
  `id` bigint(20) UNSIGNED NOT NULL,
  `name` varchar(191) COLLATE utf8mb4_unicode_ci NOT NULL,
  `email` varchar(191) COLLATE utf8mb4_unicode_ci NOT NULL,
  `username` varchar(191) COLLATE utf8mb4_unicode_ci NOT NULL,
  `email_verified_at` timestamp NULL DEFAULT NULL,
  `password` varchar(191) COLLATE utf8mb4_unicode_ci NOT NULL,
  `remember_token` varchar(100) COLLATE utf8mb4_unicode_ci DEFAULT NULL,
  `created_at` timestamp NULL DEFAULT NULL,
  `updated_at` timestamp NULL DEFAULT NULL
) ENGINE=InnoDB DEFAULT CHARSET=utf8mb4 COLLATE=utf8mb4_unicode_ci;

--
-- Dumping data for table `admins`
--

INSERT INTO `admins` (`id`, `name`, `email`, `username`, `email_verified_at`, `password`, `remember_token`, `created_at`, `updated_at`) VALUES
(4, 'author', 'author@gmail.com', 'author', NULL, '$2y$10$ZJcOCto/9WRkihJSxQnxTeR8L.HGFpGE9AsohVZNuqCDTAxeyU6Ca', NULL, '2021-10-17 05:25:27', '2021-10-17 05:25:27'),
(5, 'admin', 'Admin@gmail.com', 'admin', NULL, '$2y$10$usLdbmsNdt6hzG2I3aqvze6FNWV0BmbwRjcg0sYGmP3ngmUdw08ta', NULL, '2021-10-17 05:49:52', '2021-10-17 05:49:52');

-- --------------------------------------------------------

--
-- Table structure for table `ads`
--

CREATE TABLE `ads` (
  `id` bigint(20) UNSIGNED NOT NULL,
  `positon` int(11) DEFAULT NULL,
  `name` varchar(191) COLLATE utf8mb4_unicode_ci NOT NULL,
  `image` text COLLATE utf8mb4_unicode_ci,
  `popup_image` text COLLATE utf8mb4_unicode_ci,
  `url` text COLLATE utf8mb4_unicode_ci NOT NULL,
  `publication_status` tinyint(4) NOT NULL,
  `start_ads` varchar(191) COLLATE utf8mb4_unicode_ci NOT NULL,
  `end_ads` varchar(191) COLLATE utf8mb4_unicode_ci NOT NULL,
  `created_at` timestamp NULL DEFAULT NULL,
  `updated_at` timestamp NULL DEFAULT NULL
) ENGINE=InnoDB DEFAULT CHARSET=utf8mb4 COLLATE=utf8mb4_unicode_ci;

--
-- Dumping data for table `ads`
--

INSERT INTO `ads` (`id`, `positon`, `name`, `image`, `popup_image`, `url`, `publication_status`, `start_ads`, `end_ads`, `created_at`, `updated_at`) VALUES
(18, 1, 'sunny', 'images/ads/1469139979.jpg', 'images/ads/popup-images/2070831208.jpg', 'fhjfgjfjkg', 1, '2021-09-12', '2021-12-31', '2021-09-22 05:44:31', '2021-10-25 08:11:19'),
(19, 2, 'hgfhdffjdf', 'images/ads/1887332985.jpg', 'images/ads/popup-images/970544601.jpg', 'jhdhjdhjh', 1, '2021-09-15', '2021-12-31', '2021-09-22 05:57:48', '2021-10-25 08:27:49'),
(20, 3, 'hdghgshd', 'images/ads/884434965.jpg', 'images/ads/popup-images/303451987.jpg', 'hsghghgdhgh', 1, '2021-09-19', '2021-12-31', '2021-09-22 10:36:33', '2021-10-25 08:28:06'),
(21, 4, 'ghfhfghdf', 'images/ads/1894501670.jpg', 'images/ads/popup-images/1421351884.jpg', 'gfhdghh', 1, '2021-09-22', '2021-12-31', '2021-09-22 10:41:22', '2021-10-25 08:28:22'),
(22, 4, 'hgfdhghg', 'images/ads/24150320.jpg', 'images/ads/popup-images/1823425386.jpg', 'hdghsdghsdg', 1, '2021-10-08', '2021-10-31', '2021-10-09 05:50:29', '2021-10-09 05:50:29'),
(23, NULL, 'jjhjf', NULL, 'images/ads/popup-images/568460943.jpg', 'jhfjhjf', 1, '2021-10-25', '2021-12-31', '2021-10-25 07:48:13', '2021-10-25 07:48:13');

-- --------------------------------------------------------

--
-- Table structure for table `categories`
--

CREATE TABLE `categories` (
  `id` bigint(20) UNSIGNED NOT NULL,
  `category_name` varchar(191) COLLATE utf8mb4_unicode_ci NOT NULL,
  `image` text COLLATE utf8mb4_unicode_ci,
  `publication_status` tinyint(4) NOT NULL,
  `created_at` timestamp NULL DEFAULT NULL,
  `updated_at` timestamp NULL DEFAULT NULL
) ENGINE=InnoDB DEFAULT CHARSET=utf8mb4 COLLATE=utf8mb4_unicode_ci;

--
-- Dumping data for table `categories`
--

INSERT INTO `categories` (`id`, `category_name`, `image`, `publication_status`, `created_at`, `updated_at`) VALUES
(1, 'সর্বশেষ', NULL, 1, '2021-10-17 06:12:38', '2021-10-17 06:12:38'),
(2, 'বিশেষ সংবাদ', NULL, 1, '2021-10-17 06:24:12', '2021-10-17 06:24:12'),
(3, 'রাজনীতি', NULL, 1, '2021-10-17 07:03:16', '2021-10-17 07:03:16'),
(4, 'বাংলাদেশ', NULL, 1, '2021-10-17 07:34:57', '2021-10-17 07:34:57'),
(5, 'করোনাভাইরাস', NULL, 1, '2021-10-17 07:49:27', '2021-10-17 07:53:59'),
(6, 'বিশ্ব', NULL, 1, '2021-10-17 08:01:14', '2021-10-17 08:01:14'),
(7, 'খেলার খবর', NULL, 1, '2021-10-17 08:14:06', '2021-10-17 08:14:06'),
(8, 'বাণিজ্য', NULL, 1, '2021-10-17 08:28:29', '2021-10-17 08:28:29'),
(9, 'মতামত', NULL, 1, '2021-10-17 08:36:12', '2021-10-17 08:49:06'),
(10, 'বিনোদন', NULL, 1, '2021-10-17 08:40:03', '2021-10-17 08:49:46'),
(11, 'আরও', NULL, 1, '2021-10-17 08:51:09', '2021-10-17 08:51:09'),
(12, 'populer', NULL, 1, '2021-10-17 09:14:33', '2021-10-17 09:14:33'),
(13, 'trending news', NULL, 1, '2021-10-17 09:24:19', '2021-10-17 09:24:19'),
(14, 'video', 'images/category/1927957536jpg', 1, '2021-10-21 19:33:38', '2021-10-21 19:33:38'),
(15, 'sub_videos', NULL, 1, '2021-10-21 19:34:36', '2021-10-21 19:34:36');

-- --------------------------------------------------------

--
-- Table structure for table `counters`
--

CREATE TABLE `counters` (
  `id` bigint(20) UNSIGNED NOT NULL,
  `views` int(11) NOT NULL,
  `created_at` timestamp NULL DEFAULT NULL,
  `updated_at` timestamp NULL DEFAULT NULL
) ENGINE=InnoDB DEFAULT CHARSET=utf8mb4 COLLATE=utf8mb4_unicode_ci;

--
-- Dumping data for table `counters`
--

INSERT INTO `counters` (`id`, `views`, `created_at`, `updated_at`) VALUES
(1, 183, '2021-09-06 05:02:37', '2021-10-25 16:19:17');

-- --------------------------------------------------------

--
-- Table structure for table `failed_jobs`
--

CREATE TABLE `failed_jobs` (
  `id` bigint(20) UNSIGNED NOT NULL,
  `connection` text COLLATE utf8mb4_unicode_ci NOT NULL,
  `queue` text COLLATE utf8mb4_unicode_ci NOT NULL,
  `payload` longtext COLLATE utf8mb4_unicode_ci NOT NULL,
  `exception` longtext COLLATE utf8mb4_unicode_ci NOT NULL,
  `failed_at` timestamp NOT NULL DEFAULT CURRENT_TIMESTAMP
) ENGINE=InnoDB DEFAULT CHARSET=utf8mb4 COLLATE=utf8mb4_unicode_ci;

-- --------------------------------------------------------

--
-- Table structure for table `jobs`
--

CREATE TABLE `jobs` (
  `id` bigint(20) UNSIGNED NOT NULL,
  `queue` varchar(191) COLLATE utf8mb4_unicode_ci NOT NULL,
  `payload` longtext COLLATE utf8mb4_unicode_ci NOT NULL,
  `attempts` tinyint(3) UNSIGNED NOT NULL,
  `reserved_at` int(10) UNSIGNED DEFAULT NULL,
  `available_at` int(10) UNSIGNED NOT NULL,
  `created_at` int(10) UNSIGNED NOT NULL
) ENGINE=InnoDB DEFAULT CHARSET=utf8mb4 COLLATE=utf8mb4_unicode_ci;

-- --------------------------------------------------------

--
-- Table structure for table `logos`
--

CREATE TABLE `logos` (
  `id` bigint(20) UNSIGNED NOT NULL,
  `image` text COLLATE utf8mb4_unicode_ci NOT NULL,
  `publication_status` tinyint(4) NOT NULL,
  `created_at` timestamp NULL DEFAULT NULL,
  `updated_at` timestamp NULL DEFAULT NULL
) ENGINE=InnoDB DEFAULT CHARSET=utf8mb4 COLLATE=utf8mb4_unicode_ci;

--
-- Dumping data for table `logos`
--

INSERT INTO `logos` (`id`, `image`, `publication_status`, `created_at`, `updated_at`) VALUES
(1, 'images/logo/1778686829png', 1, '2021-10-18 06:28:50', '2021-10-18 06:41:56');

-- --------------------------------------------------------

--
-- Table structure for table `migrations`
--

CREATE TABLE `migrations` (
  `id` int(10) UNSIGNED NOT NULL,
  `migration` varchar(191) COLLATE utf8mb4_unicode_ci NOT NULL,
  `batch` int(11) NOT NULL
) ENGINE=InnoDB DEFAULT CHARSET=utf8mb4 COLLATE=utf8mb4_unicode_ci;

--
-- Dumping data for table `migrations`
--

INSERT INTO `migrations` (`id`, `migration`, `batch`) VALUES
(36, '2014_10_12_000000_create_users_table', 1),
(37, '2014_10_12_100000_create_password_resets_table', 1),
(38, '2019_08_19_000000_create_failed_jobs_table', 1),
(39, '2021_06_12_105245_create_categories_table', 1),
(40, '2021_06_13_184547_create_subcategories_table', 1),
(41, '2021_06_14_093522_create_posts_table', 1),
(42, '2021_06_15_183611_create_ads_table', 1),
(43, '2021_08_16_174714_create_permission_tables', 1),
(44, '2021_08_30_114056_create_admins_table', 1),
(45, '2021_09_05_060431_create_counters_table', 1),
(46, '2021_10_03_200838_create_subscribes_table', 1),
(47, '2021_10_16_125640_create_jobs_table', 1),
(48, '2021_10_16_143036_create_notifyys_table', 1),
(49, '2021_10_18_120427_create_logos_table', 2),
(50, '2021_10_18_131154_create_trendingnews_table', 3);

-- --------------------------------------------------------

--
-- Table structure for table `model_has_permissions`
--

CREATE TABLE `model_has_permissions` (
  `permission_id` bigint(20) UNSIGNED NOT NULL,
  `model_type` varchar(191) COLLATE utf8mb4_unicode_ci NOT NULL,
  `model_id` bigint(20) UNSIGNED NOT NULL
) ENGINE=InnoDB DEFAULT CHARSET=utf8mb4 COLLATE=utf8mb4_unicode_ci;

-- --------------------------------------------------------

--
-- Table structure for table `model_has_roles`
--

CREATE TABLE `model_has_roles` (
  `role_id` bigint(20) UNSIGNED NOT NULL,
  `model_type` varchar(191) COLLATE utf8mb4_unicode_ci NOT NULL,
  `model_id` bigint(20) UNSIGNED NOT NULL
) ENGINE=InnoDB DEFAULT CHARSET=utf8mb4 COLLATE=utf8mb4_unicode_ci;

--
-- Dumping data for table `model_has_roles`
--

INSERT INTO `model_has_roles` (`role_id`, `model_type`, `model_id`) VALUES
(3, 'App\\Models\\Admin', 4),
(4, 'App\\Models\\Admin', 5);

-- --------------------------------------------------------

--
-- Table structure for table `notifyys`
--

CREATE TABLE `notifyys` (
  `id` bigint(20) UNSIGNED NOT NULL,
  `title` varchar(191) COLLATE utf8mb4_unicode_ci NOT NULL,
  `description` text COLLATE utf8mb4_unicode_ci NOT NULL,
  `video_link` varchar(191) COLLATE utf8mb4_unicode_ci NOT NULL,
  `created_at` timestamp NULL DEFAULT NULL,
  `updated_at` timestamp NULL DEFAULT NULL
) ENGINE=InnoDB DEFAULT CHARSET=utf8mb4 COLLATE=utf8mb4_unicode_ci;

--
-- Dumping data for table `notifyys`
--

INSERT INTO `notifyys` (`id`, `title`, `description`, `video_link`, `created_at`, `updated_at`) VALUES
(1, 'gdsgdfgdsfgdf', '<p>dfgdsfgsdfgsdfg</p>', 'https://www.youtube.com/watch?v=y1FtYNHVZC0', '2021-10-17 09:49:20', '2021-10-17 09:49:20'),
(2, 'jfhjfhdjdfh', '<p>jfhdjhjjhfdjh</p>', 'https://www.youtube.com/watch?v=y1FtYNHVZC0', '2021-10-17 09:51:42', '2021-10-17 09:51:42'),
(3, 'dfsgdsfgdf', '<p>gdsfgsfdgsdf</p>', 'https://www.youtube.com/watch?v=y2A-zcwHo4g&t=379s', '2021-10-17 09:59:50', '2021-10-17 09:59:50'),
(4, 'fsdgsdfgsdf', '<p>gdsfgdfsgf</p>', 'gdsfgsdfgdf', '2021-10-17 10:00:19', '2021-10-17 10:00:19'),
(5, 'rgfsgsfgfg', '<p>dsgfgsdfg</p>', 'gdsfgsdfgdsf', '2021-10-17 10:04:16', '2021-10-17 10:04:16');

-- --------------------------------------------------------

--
-- Table structure for table `password_resets`
--

CREATE TABLE `password_resets` (
  `email` varchar(100) COLLATE utf8mb4_unicode_ci NOT NULL,
  `token` varchar(191) COLLATE utf8mb4_unicode_ci NOT NULL,
  `created_at` timestamp NULL DEFAULT NULL
) ENGINE=InnoDB DEFAULT CHARSET=utf8mb4 COLLATE=utf8mb4_unicode_ci;

-- --------------------------------------------------------

--
-- Table structure for table `permissions`
--

CREATE TABLE `permissions` (
  `id` bigint(20) UNSIGNED NOT NULL,
  `name` varchar(191) COLLATE utf8mb4_unicode_ci NOT NULL,
  `guard_name` varchar(191) COLLATE utf8mb4_unicode_ci NOT NULL,
  `group_name` varchar(191) COLLATE utf8mb4_unicode_ci DEFAULT NULL,
  `created_at` timestamp NULL DEFAULT NULL,
  `updated_at` timestamp NULL DEFAULT NULL
) ENGINE=InnoDB DEFAULT CHARSET=utf8mb4 COLLATE=utf8mb4_unicode_ci;

--
-- Dumping data for table `permissions`
--

INSERT INTO `permissions` (`id`, `name`, `guard_name`, `group_name`, `created_at`, `updated_at`) VALUES
(1, 'admin.create', 'admin', 'admin', '2021-10-17 05:06:53', '2021-10-17 05:06:53'),
(2, 'admin.view', 'admin', 'admin', '2021-10-17 05:06:53', '2021-10-17 05:06:53'),
(3, 'admin.edit', 'admin', 'admin', '2021-10-17 05:06:53', '2021-10-17 05:06:53'),
(4, 'admin.delete', 'admin', 'admin', '2021-10-17 05:06:53', '2021-10-17 05:06:53'),
(5, 'admin.approve', 'admin', 'admin', '2021-10-17 05:06:54', '2021-10-17 05:06:54'),
(6, 'role.create', 'admin', 'role', '2021-10-17 05:06:54', '2021-10-17 05:06:54'),
(7, 'role.view', 'admin', 'role', '2021-10-17 05:06:54', '2021-10-17 05:06:54'),
(8, 'role.edit', 'admin', 'role', '2021-10-17 05:06:54', '2021-10-17 05:06:54'),
(9, 'role.delete', 'admin', 'role', '2021-10-17 05:06:54', '2021-10-17 05:06:54'),
(10, 'role.approve', 'admin', 'role', '2021-10-17 05:06:55', '2021-10-17 05:06:55'),
(11, 'category.create', 'admin', 'manage-category', '2021-10-17 05:06:55', '2021-10-17 05:06:55'),
(12, 'category.view', 'admin', 'manage-category', '2021-10-17 05:06:55', '2021-10-17 05:06:55'),
(13, 'category.edit', 'admin', 'manage-category', '2021-10-17 05:06:55', '2021-10-17 05:06:55'),
(14, 'category.delete', 'admin', 'manage-category', '2021-10-17 05:06:55', '2021-10-17 05:06:55'),
(15, 'post.create', 'admin', 'post', '2021-10-17 05:06:56', '2021-10-17 05:06:56'),
(16, 'post.view', 'admin', 'post', '2021-10-17 05:06:56', '2021-10-17 05:06:56'),
(17, 'post.edit', 'admin', 'post', '2021-10-17 05:06:56', '2021-10-17 05:06:56'),
(18, 'post.delete', 'admin', 'post', '2021-10-17 05:06:57', '2021-10-17 05:06:57'),
(19, 'post.approve', 'admin', 'post', '2021-10-17 05:06:57', '2021-10-17 05:06:57'),
(20, 'notification.view', 'admin', 'post-notification', '2021-10-17 05:06:57', '2021-10-17 05:06:57'),
(21, 'author.view', 'admin', 'author', '2021-10-17 05:06:57', '2021-10-17 05:06:57'),
(22, 'author.edit', 'admin', 'author', '2021-10-17 05:06:57', '2021-10-17 05:06:57'),
(23, 'author.delete', 'admin', 'author', '2021-10-17 05:06:58', '2021-10-17 05:06:58'),
(24, 'author.approve', 'admin', 'author', '2021-10-17 05:06:58', '2021-10-17 05:06:58'),
(25, 'ads.create', 'admin', 'ads', '2021-10-17 05:06:58', '2021-10-17 05:06:58'),
(26, 'ads.view', 'admin', 'ads', '2021-10-17 05:06:58', '2021-10-17 05:06:58'),
(27, 'ads.edit', 'admin', 'ads', '2021-10-17 05:06:58', '2021-10-17 05:06:58'),
(28, 'ads.delete', 'admin', 'ads', '2021-10-17 05:06:59', '2021-10-17 05:06:59'),
(29, 'ads.approve', 'admin', 'ads', '2021-10-17 05:06:59', '2021-10-17 05:06:59');

-- --------------------------------------------------------

--
-- Table structure for table `posts`
--

CREATE TABLE `posts` (
  `id` bigint(20) UNSIGNED NOT NULL,
  `category_id` int(11) NOT NULL,
  `name` varchar(191) COLLATE utf8mb4_unicode_ci NOT NULL,
  `title` varchar(191) COLLATE utf8mb4_unicode_ci NOT NULL,
  `subcategory_id` int(11) DEFAULT NULL,
  `slug` varchar(191) COLLATE utf8mb4_unicode_ci NOT NULL,
  `description` text COLLATE utf8mb4_unicode_ci NOT NULL,
  `video_link` text COLLATE utf8mb4_unicode_ci,
  `is_approve` text COLLATE utf8mb4_unicode_ci,
  `publication_status` tinyint(4) NOT NULL,
  `image` text COLLATE utf8mb4_unicode_ci NOT NULL,
  `breaking_news` tinyint(4) DEFAULT NULL,
  `created_at` timestamp NULL DEFAULT NULL,
  `updated_at` timestamp NULL DEFAULT NULL
) ENGINE=InnoDB DEFAULT CHARSET=utf8mb4 COLLATE=utf8mb4_unicode_ci;

--
-- Dumping data for table `posts`
--

INSERT INTO `posts` (`id`, `category_id`, `name`, `title`, `subcategory_id`, `slug`, `description`, `video_link`, `is_approve`, `publication_status`, `image`, `breaking_news`, `created_at`, `updated_at`) VALUES
(1, 1, 'author', 'মরুর দেশের বিশ্বকাপে আত্মবিশ্বাসী বাংলাদেশ', NULL, 'মরুর-দেশের-বিশ্বকাপে-আত্মবিশ্বাসী-বাংলাদেশ', '<p>দিনের উত্তাপটা তখন আর নেই। উল্টো কেমন যেন শীত শীত ভাব। মাসকাটের আল আমেরাত পর্বতমালার ওপারে সূর্যাস্তের রক্তিম আভার দৃশ্যটা যে কারও চোখে আটকে যাবে। একটু পরই মাসকাটের পাহাড়ে নামল আঁধার, জ্বলে উঠল ফ্লাডলাইট। বাংলাদেশ দল আল আমেরাত ক্রিকেট স্টেডিয়ামে শুরু করল বিশ্বকাপের প্রথম ম্যাচের প্রস্তুতি। স্কটল্যান্ডের বিপক্ষে আজ ঠিক এমন সময়ই শুরু হবে স্কটল্যান্ডের বিপক্ষে এবারের টি-টোয়েন্টি বিশ্বকাপে বাংলাদেশের প্রথম ম্যাচ।</p><p>স্টেডিয়ামের পাশেই ওমান ক্রিকেট একাডেমি মাঠ। সেখানে শেষ মুহূর্তের প্রস্তুতি নিচ্ছিল স্কটল্যান্ড। মূল মাঠে যখন বাংলাদেশ দল গা গরমে ব্যস্ত, স্পষ্ট কানে আসছিল স্কটিশদের ব্যাট-বলের ঠুকঠাক শব্দ। কাগজ-কলমের শক্তি, অভিজ্ঞতা, ক্রিকেট ঐতিহ্য—সব দিক থেকেই বাংলাদেশ দল স্কটিশদের চেয়ে যোজন যোজন এগিয়ে। অনুশীলনে মাহমুদউল্লাহদের শরীরী ভাষায় বাড়তি আত্মবিশ্বাসের বিচ্ছুরণ হয়তো সে কারণেই।</p>', 'gsfdgdfsdf', '1', 1, 'images/post/1047753956jpg', 0, '2021-10-17 06:18:34', '2021-10-17 07:12:35'),
(2, 1, 'author', 'ব্র্যাক ব্যাংকে চাকরি, প্রয়োজন স্নাতক পাস আর অভিজ্ঞতা', NULL, 'ব্র্যাক-ব্যাংকে-চাকরি,-প্রয়োজন-স্নাতক-পাস-আর-অভিজ্ঞতা', '<p>বেসরকারি ব্র্যাক ব্যাংক লিমিটেডে লোকবল নিয়োগ করা হবে। সম্প্রতি এ জন্য নিয়োগ বিজ্ঞপ্তি প্রকাশ করা হয়েছে। ব্যাংকটি <a href=\"https://jobs.bdjobs.com/jobdetails.asp?id=998438&amp;fcatId=2&amp;ln=1\">অ্যাসোসিয়েট ম্যানেজার/ম্যানেজার পদে লোকবল</a> নিয়োগ দেবে। তবে এ পদে কতজন নিয়োগ পাবেন, তা ব্যাংকটি জানায়নি। আগ্রহীরা আবেদন করতে পারবেন অনলাইনে।বেসরকারি ব্র্যাক ব্যাংক লিমিটেডে লোকবল নিয়োগ করা হবে। সম্প্রতি এ জন্য নিয়োগ বিজ্ঞপ্তি প্রকাশ করা হয়েছে। ব্যাংকটি <a href=\"https://jobs.bdjobs.com/jobdetails.asp?id=998438&amp;fcatId=2&amp;ln=1\">অ্যাসোসিয়েট ম্যানেজার/ম্যানেজার পদে লোকবল</a> নিয়োগ দেবে। তবে এ পদে কতজন নিয়োগ পাবেন, তা ব্যাংকটি জানায়নি। আগ্রহীরা আবেদন করতে পারবেন অনলাইনে।বেসরকারি ব্র্যাক ব্যাংক লিমিটেডে লোকবল নিয়োগ করা হবে। সম্প্রতি এ জন্য নিয়োগ বিজ্ঞপ্তি প্রকাশ করা হয়েছে। ব্যাংকটি <a href=\"https://jobs.bdjobs.com/jobdetails.asp?id=998438&amp;fcatId=2&amp;ln=1\">অ্যাসোসিয়েট ম্যানেজার/ম্যানেজার পদে লোকবল</a> নিয়োগ দেবে। তবে এ পদে কতজন নিয়োগ পাবেন, তা ব্যাংকটি জানায়নি। আগ্রহীরা আবেদন করতে পারবেন অনলাইনে।</p>', 'hfhhgfdh', '1', 1, 'images/post/1711971659jpg', 0, '2021-10-17 06:22:40', '2021-10-17 07:12:29'),
(3, 1, 'author', '‘পাকিস্তান ভারতের জন্য কঠিন কোনো চ্যালেঞ্জ নয়’', NULL, '‘পাকিস্তান-ভারতের-জন্য-কঠিন-কোনো-চ্যালেঞ্জ-নয়’', '<p>২৪ অক্টোবর চিরপ্রতিদ্বন্দ্বী পাকিস্তানের বিপক্ষে খেলার মধ্য দিয়ে শুরু হচ্ছে ভারতের টি-টোয়েন্টি বিশ্বকাপ অভিযান। মহাগুরুত্বপূর্ণ এই ম্যাচের আগে দুই দেশের অনেক সাবেক খেলোয়াড় ও ক্রিকেটবোদ্ধাই নিজেদের মত দিচ্ছেন। সেই তালিকায় এবার নাম লেখালেন সাবেক ভারতীয় পেসার অজিত আগারকার।</p><p><br>লড়াইয়ে নামার আগমুহূর্তে ভারতীয় টিভি চ্যানেল স্টার স্পোর্টস আয়োজিত ‘ক্লাস অব ২০০৭’ অনুষ্ঠানে কথা বোলার একপর্যায়ে সাবেক ভারতীয় পেস বোলার অজিত আগারকার বলেন, দুই দলের সাম্প্রতিক ফর্ম বিবেচনায় ধরলে, বিশ্বকাপে পাকিস্তান ভারতের জন্য তেমন একটা হুমকির কারণ হবে বলে তিনি মনে করেন না।</p>', 'hdfhfdhdfg', '1', 1, 'images/post/1490915029jpg', 0, '2021-10-17 06:23:39', '2021-10-17 07:12:24'),
(4, 2, 'author', '২২ বছর পর আনুষ্ঠানিক সফরে ফ্রান্স যাচ্ছেন প্রধানমন্ত্রী', NULL, '২২-বছর-পর-আনুষ্ঠানিক-সফরে-ফ্রান্স-যাচ্ছেন-প্রধানমন্ত্রী', '<p>দীর্ঘ ২২ বছরের বিরতি শেষে প্রধানমন্ত্রী শেখ হাসিনা আগামী মাসে আনুষ্ঠানিক সফরে ফ্রান্স যাচ্ছেন। ১৯৯৯ সালের সেপ্টেম্বরে প্রধানমন্ত্রী শেষবার আনুষ্ঠানিক সফরে প্যারিস গিয়েছিলেন।</p><p>এবারের আনুষ্ঠানিক সফরটি পাঁচ দিনের। সফরের শুরুতে প্রধানমন্ত্রী শেখ হাসিনা প্যারিসের অ্যালিসি প্রাসাদে ফ্রান্সের প্রেসিডেন্ট এমানুয়েল মাখোঁর সঙ্গে দ্বিপক্ষীয় বৈঠক করবেন।</p><p>বাংলাদেশ-ফ্রান্সের সম্পর্কের পাঁচ দশক পূর্তি সামনে রেখে দুই শীর্ষ নেতার আসন্ন বৈঠকের মধ্য দিয়ে সহযোগিতার নতুন পথনকশার একটি দিকনির্দেশনা আসতে পারে বলে কূটনীতিকেরা জানিয়েছেন।</p><p>ঢাকা ও প্যারিসে কর্মরত বাংলাদেশের কূটনীতিকেরা গত শুক্রবার প্রথম আলোকে জানান, ফরাসি সরকার ইতিমধ্যে বাংলাদেশের প্রধানমন্ত্রী শেখ হাসিনার সফরকে আনুষ্ঠানিক সফর হিসেবে ঘোষণা করেছে। প্রধানমন্ত্রী শেখ হাসিনা ১৯৯৯ সালের সেপ্টেম্বরে শেষবার আনুষ্ঠানিক সফরে ফ্রান্স গিয়েছিলেন।</p>', 'jhgghfhfgh', '1', 1, 'images/post/1946894342jpg', 0, '2021-10-17 06:55:34', '2021-10-17 07:12:17'),
(5, 2, 'author', 'দারিদ্র্য কমাতে দুই খাতের বাইরে তাকাতে হবে', NULL, 'দারিদ্র্য-কমাতে-দুই-খাতের-বাইরে-তাকাতে-হবে', '<p>দেশে দারিদ্র্য বিমোচনে এখন পর্যন্ত সবচেয়ে বড় ভূমিকা রেখেছে বাড়তি খাদ্য উৎপাদন ও জনসংখ্যা নিয়ন্ত্রণ। স্বাধীনতার পর দেশের প্রথম পঞ্চবার্ষিক পরিকল্পনায় গ্রামীণ অর্থনীতিকে সবচেয়ে গুরুত্ব দেওয়া হয়। অর্থনৈতিক উন্নতির কেন্দ্রে রাখা হয় গ্রামীণ অর্থনীতিকে। বিগত ৫০ বছরে দেশের রাজনীতিতে অনেক পালাবদল হয়েছে, কিন্তু গ্রামীণ অর্থনীতিকে সব সরকারই কমবেশি গুরুত্ব দিয়েছে। ফলে ধারাবাহিকভাবে দারিদ্র্য কমেছে।</p><p>স্বাধীনতার পর দেশে দানাদার খাদ্যের উৎপাদন দ্রুত বেড়েছে। গত শতাব্দীর ষাটের দশকে বিশ্বজুড়ে যখন সবুজ বিপ্লবের সূত্রপাত হয়, তখন বাংলাদেশও ফসলের উৎপাদন বাড়ানোর চেষ্টা হয়। কাজটি করা হয়েছিল বাংলাদেশ পল্লী উন্নয়ন একাডেমি (বার্ড) কুমিল্লার মাধ্যমে। তখন উচ্চফলনশীল জাতের ধানবীজ, রাসায়নিক সার ও কীটনাশক ব্যবহার শুরু হয়। সেচের মাধ্যমে জমি চাষের আওতায় আনা হয়।</p><p>তবে এই চেষ্টা তখন খুব একটা কার্যকর হয়নি। কুমিল্লা ছাড়া দেশের অন্য জেলাগুলোতে দারিদ্র্য বিমোচনে তা তেমন একটা ভূমিকা রাখতে পারেনি। কারণ, বড় বড় সেচ প্রকল্প নেওয়া হলেও তা সারা দেশে সমানভাবে বিস্তৃত করা যায়নি।</p>', 'hfhhgfdh', '1', 1, 'images/post/395395775png', 0, '2021-10-17 07:01:16', '2021-10-17 07:12:12'),
(6, 2, 'author', '‘ষড়যন্ত্র’ ও গোয়েন্দা ব্যর্থতা নিয়ে আ.লীগে আলোচনা', NULL, '‘ষড়যন্ত্র’-ও-গোয়েন্দা-ব্যর্থতা-নিয়ে-আ.লীগে-আলোচনা', '<p>মন্দিরে হামলা, ভাঙচুরসহ হিন্দু সম্প্রদায়ের ব্যবসাপ্রতিষ্ঠানে লুটপাটের ঘটনায় সরকার রাজনৈতিকভাবে ক্ষতিগ্রস্ত হয়েছে—আওয়ামী লীগের বিভিন্ন পর্যায়ে এমন আলোচনা আছে। তবে বরাবরের মতোই এসব ঘটনায় দেশি-বিদেশি ‘ষড়যন্ত্র’ রয়েছে বলে মনে করছেন নেতারা। পাশাপাশি এ ধরনের হামলার বিষয়ে আগাম তথ্য না থাকায় গোয়েন্দা ব্যর্থতার বিষয়টি নিয়েও দলের নেতারা ব্যক্তিগত এবং অনানুষ্ঠানিক পর্যায়ে আলোচনা করছেন।</p><p>সহিংসতা উসকে দেওয়ার জন্য বিএনপি, জামায়াত ও হেফাজতের হাত দেখছেন নেতারা। একই সঙ্গে তাঁরা আশঙ্কা করছেন, নির্বাচন সামনে রেখে সাম্প্রদায়িক সম্প্রীতি নষ্টের চেষ্টা আরও হতে পারে।</p>', 'gdfgdfdfsdf', '1', 1, 'images/post/1790886418jpg', 0, '2021-10-17 07:02:39', '2021-10-17 07:12:02'),
(7, 3, 'author', 'আওয়ামী লীগের ফাঁদে পা দেবে না বিএনপি: ফখরুল', NULL, 'আওয়ামী-লীগের-ফাঁদে-পা-দেবে-না-বিএনপি:-ফখরুল', '<p>আওয়ামী লীগের অধীনে অনুষ্ঠিত নির্বাচনের ফাঁদে বিএনপি পা দেবে না বলে মন্তব্য করেছেন দলের মহাসচিব মির্জা ফখরুল ইসলাম আলমগীর। তিনি নিরপেক্ষ সরকারের অধীনে নির্বাচন আয়োজনের জন্য নেতা-কর্মীদের নিয়ে আন্দোলন করার ওপর জোর দেন। তিনি বলেন, আওয়ামী লীগ সরকারের অধীনে কোনো সুষ্ঠু নির্বাচন হবে না।</p><p>আজ শনিবার বিকেলে চট্টগ্রাম নগর বিএনপি আয়োজিত কর্মিসভায় প্রধান অতিথির বক্তব্যে মির্জা ফখরুল এসব কথা বলেন। নগরের কাজীর দেউড়ি মোড় এলাকার একটি কমিউনিটি সেন্টারে অনুষ্ঠিত এ সভায় সভাপতিত্ব করেন নগর বিএনপির আহ্বায়ক শাহাদাত হোসেন।আওয়ামী লীগের অধীনে অনুষ্ঠিত নির্বাচনের ফাঁদে বিএনপি পা দেবে না বলে মন্তব্য করেছেন দলের মহাসচিব মির্জা ফখরুল ইসলাম আলমগীর। তিনি নিরপেক্ষ সরকারের অধীনে নির্বাচন আয়োজনের জন্য নেতা-কর্মীদের নিয়ে আন্দোলন করার ওপর জোর দেন। তিনি বলেন, আওয়ামী লীগ সরকারের অধীনে কোনো সুষ্ঠু নির্বাচন হবে না।</p><p>আজ শনিবার বিকেলে চট্টগ্রাম নগর বিএনপি আয়োজিত কর্মিসভায় প্রধান অতিথির বক্তব্যে মির্জা ফখরুল এসব কথা বলেন। নগরের কাজীর দেউড়ি মোড় এলাকার একটি কমিউনিটি সেন্টারে অনুষ্ঠিত এ সভায় সভাপতিত্ব করেন নগর বিএনপির আহ্বায়ক শাহাদাত হোসেন।</p>', 'gdffsfddfs', '1', 1, 'images/post/2145539651jpg', 0, '2021-10-17 07:08:36', '2021-10-17 07:11:54'),
(8, 3, 'author', 'এই পুলিশের কাজ কী, প্রশ্ন মির্জা আব্বাসের', NULL, 'এই-পুলিশের-কাজকী,-প্রশ্ন-মির্জা-আব্বাসের', '<p>সরকার শুধু পুলিশ আর আদালত দিয়ে টিকে আছে বলে মন্তব্য করেছেন বিএনপির নেতা মির্জা আব্বাস। তিনি পুলিশ বাহিনীর কাজ নিয়ে প্রশ্নও তুলেছেন।</p><p>শনিবার দুপুরে নয়াপল্টনে দলের কেন্দ্রীয় কার্যালয়ের নিচতলায় এক দোয়া মাহফিল–পূর্ব সংক্ষিপ্ত বক্তব্যে বিএনপির স্থায়ী কমিটির সদস্য মির্জা আব্বাস এ কথা বলেন। হাসপাতালে চিকিৎসাধীন দলের চেয়ারপারসন খালেদা জিয়ার রোগমুক্তি কামনায় জাতীয়তাবাদী স্বেচ্ছাসেবক দলের ঢাকা মহানগর উত্তর কমিটি এ দোয়া মাহফিলের আয়োজন করে।</p>', 'gdhgdhg', '1', 1, 'images/post/1157577680jpg', 0, '2021-10-17 07:11:10', '2021-10-17 07:11:47'),
(9, 3, 'author', 'মানুষের জন্য সরকারের ভালোবাসা নেই: রব', NULL, 'মানুষের-জন্য-সরকারের-ভালোবাসা-নেই:-রব', '<p>মানুষের জন্য বর্তমান সরকারের কোনো সহানুভূতি, ভালোবাসা নেই বলে মন্তব্য করেছেন জাতীয় সমাজতান্ত্রিক দলের (জেএসডি) সভাপতি আ স ম আবদুর রব। তিনি বলেন, হু হু করে জিনিসের দাম বাড়ছে। কোটি কোটি মানুষ বেকার। দারিদ্র্যসীমার নিচে কোটি মানুষের জীবন। তারা (সরকার) লুটপাট নিয়ে ব্যস্ত।</p><p>রাজধানীর জাতীয় প্রেসক্লাবের সামনে আজ শনিবার বিকেল সাড়ে চারটার দিকে আয়োজিত এক মানববন্ধনে আবদুর রব এসব কথা বলেন। জাতীয় সরকার গঠন, উপজেলা প্রশ্নে হাইকোর্টের নির্দেশনা বাস্তবায়ন ও দ্রব্যমূল্যের অস্বাভাবিক বৃদ্ধি নিয়ন্ত্রণের দাবিতে এ মানববন্ধনের আয়োজন করে জেএসডির ঢাকা মহানগর সমন্বয় কমিটি।</p>', 'jhgghfhfgh', '1', 1, 'images/post/1237192094webp', 0, '2021-10-17 07:32:45', '2021-10-17 07:44:04'),
(10, 4, 'author', 'ফেসবুকে উসকানিমূলক পোস্ট, শরীয়তপুরে ছাত্রলীগ', 1, 'ফেসবুকে-উসকানিমূলক-পোস্ট,-শরীয়তপুরে-ছাত্রলীগ', '<p>কুমিল্লার ঘটনায় ফেসবুকে সাম্প্রদায়িক উসকানিমূলক পোস্ট দেওয়ায় শরীয়তপুরের সদর উপজেলা ছাত্রলীগের ধর্মবিষয়ক সম্পাদক শহীদুল ইসলাম ঢালীকে দলীয় পদ থেকে বহিষ্কার করা হয়েছে। সদর উপজেলা ছাত্রলীগের সভাপতি ও সাধারণ সম্পাদকের সই করা এক বিজ্ঞপ্তিতে এ তথ্য জানানো হয়েছে।</p><p>ছাত্রলীগ সূত্র জানায়, সম্প্রতি কুমিল্লার পূজামণ্ডপে পবিত্র কোরআন অবমাননার অভিযোগ তুলে দেশের বিভিন্ন স্থানে মন্দির ও বসতবাড়িতে হামলার ঘটনা ঘটেছে। ওই ঘটনাকে কেন্দ্র করে শহীদুল ইসলাম ফেসবুকে সাম্প্রদায়িক উসকানিমূলক পোস্ট দেন। বিষয়টি ১৪ অক্টোবর ছাত্রলীগ ও আওয়ামী লীগের নেতাদের নজরে আসে। এরপর দলীয় পদ থেকে তাঁকে বহিষ্কারের সিদ্ধান্ত নেওয়া হয়।</p>', 'hello world bangladesh', '1', 1, 'images/post/1254634502jpg', 0, '2021-10-17 07:37:09', '2021-10-17 07:43:58'),
(11, 4, 'author', 'কুমিল্লায় মণ্ডপের ঘটনায় দায়ীদের শিগগিরই গ্রেপ্তারের আশা', 1, 'কুমিল্লায়-মণ্ডপের-ঘটনায়-দায়ীদের-শিগগিরই-গ্রেপ্তারের-আশা', '<p>কুমিল্লায় পূজামণ্ডপে ঘটে যাওয়া ঘটনায় দায়ীদের খুবই শিগগিরই গ্রেপ্তার করতে পারবেন বলে আশা প্রকাশ করেছেন স্বরাষ্ট্রমন্ত্রী আসাদুজ্জামান খান কামাল।<br>আজ রোববার সচিবালয়ে সাংবাদিকদের সঙ্গে আলাপকালে মন্ত্রী বলেন, যেভাবে এগোচ্ছি, তাতে আমরা আশা করছি খুব শিগগিরই তাঁদের (দায়ী) গ্রেপ্তার করতে পারব।কুমিল্লায় পূজামণ্ডপে ঘটে যাওয়া ঘটনায় দায়ীদের খুবই শিগগিরই গ্রেপ্তার করতে পারবেন বলে আশা প্রকাশ করেছেন স্বরাষ্ট্রমন্ত্রী আসাদুজ্জামান খান কামাল।<br>আজ রোববার সচিবালয়ে সাংবাদিকদের সঙ্গে আলাপকালে মন্ত্রী বলেন, যেভাবে এগোচ্ছি, তাতে আমরা আশা করছি খুব শিগগিরই তাঁদের (দায়ী) গ্রেপ্তার করতে পারব।</p>', 'hfhhgfdh', '1', 1, 'images/post/580262252jpg', 1, '2021-10-17 07:38:18', '2021-10-17 09:31:13'),
(12, 4, 'author', 'সড়ক ভাঙাচোরা, দুর্ভোগে দুই লাখ মানুষ', 1, 'সড়ক-ভাঙাচোরা,-দুর্ভোগে-দুই-লাখ-মানুষ', '<p>সংস্কারের অভাবে সুনামগঞ্জের ধরমপাশা উপজেলার ধরমপাশা-বাদশাগঞ্জ সড়কটি এখন বেহাল। ছয় কিলোমিটার পাকা সড়কের মধ্যে দেড় কিলোমিটার অংশ ভাঙাচোরা। রয়েছে অসংখ্য ছোট-বড় গর্ত। আবার কোথাও পাশ দিয়ে সড়ক ধসে গেছে। সড়কটি সংস্কার না করায় ছয়টি ইউনিয়নের দুই লাখ মানুষ ভোগান্তি পোহাচ্ছে।</p><p>সড়ক ও জনপথ (সওজ) অধিদপ্তরের সুনামগঞ্জ কার্যালয় সূত্রে জানা গেছে, উপজেলার ধরমপাশা-মধ্যনগর পাকা সড়কটির ‍দৈর্ঘ্য ২০ কিলোমিটার। এই সড়কের ধরমপাশা-বাদশাগঞ্জ অংশের দৈর্ঘ্য ৬ কিলোমিটার। এই ৬ কিলোমিটারের মধ্যে দেড় কিলোমিটার ভাঙাচোরা। সড়কটি আগে সুনামগঞ্জ সওজের অধীনে ছিল। পরে ২০১৫ সালের আগস্ট থেকে এ উপজেলার যাবতীয় কার্যক্রম নেত্রকোনা সওজের কাছে হস্তান্তর করা হয়।</p>', 'gdfgdfdfsdf', '1', 1, 'images/post/1799249409jpg', 0, '2021-10-17 07:40:07', '2021-10-17 07:43:46'),
(13, 4, 'author', 'বিশ্ববিদ্যালয়ে গুচ্ছ ভর্তি পরীক্ষা শুরু আজ', 1, 'বিশ্ববিদ্যালয়ে-গুচ্ছ-ভর্তি-পরীক্ষা-শুরু-আজ', '<p>শিক্ষার্থীদের ভোগান্তি কমাতে এবার দেশের ২৯টি পাবলিক বিশ্ববিদ্যালয়ে গুচ্ছ ভিত্তিতে ভর্তি পরীক্ষা হচ্ছে। এর মাধ্যমে ভর্তি-ইচ্ছুক একজন শিক্ষার্থী একটি পরীক্ষা দিয়ে তাঁর যোগ্যতা ও পছন্দ অনুযায়ী এসব বিশ্ববিদ্যালয়ের যেকোনো একটিতে ভর্তি হবেন।</p><p>৩ দিনে ৩টি শাখার পরীক্ষা হবে ২০টি সাধারণ, বিজ্ঞান ও প্রযুক্তি বিশ্ববিদ্যালয়ে, যা আজ রোববার শুরু হচ্ছে। আরও দুটি গুচ্ছে মোট ১০টি বিশ্ববিদ্যালয়ের ভর্তি পরীক্ষা হবে আগামী মাসে। এর মধ্যে একটি গুচ্ছে রয়েছে কৃষি ও কৃষিশিক্ষাপ্রধান সাতটি বিশ্ববিদ্যালয়। আরেকটি গুচ্ছে আছে তিনটি প্রকৌশল ও প্রযুক্তি বিশ্ববিদ্যালয়। এই ২৯ বিশ্ববিদ্যালয়ে মোট আবেদনকারী ৩ লাখ ৩৪ হাজারের বেশি।শিক্ষার্থীদের ভোগান্তি কমাতে এবার দেশের ২৯টি পাবলিক বিশ্ববিদ্যালয়ে গুচ্ছ ভিত্তিতে ভর্তি পরীক্ষা হচ্ছে। এর মাধ্যমে ভর্তি-ইচ্ছুক একজন শিক্ষার্থী একটি পরীক্ষা দিয়ে তাঁর যোগ্যতা ও পছন্দ অনুযায়ী এসব বিশ্ববিদ্যালয়ের যেকোনো একটিতে ভর্তি হবেন।</p><p>৩ দিনে ৩টি শাখার পরীক্ষা হবে ২০টি সাধারণ, বিজ্ঞান ও প্রযুক্তি বিশ্ববিদ্যালয়ে, যা আজ রোববার শুরু হচ্ছে। আরও দুটি গুচ্ছে মোট ১০টি বিশ্ববিদ্যালয়ের ভর্তি পরীক্ষা হবে আগামী মাসে। এর মধ্যে একটি গুচ্ছে রয়েছে কৃষি ও কৃষিশিক্ষাপ্রধান সাতটি বিশ্ববিদ্যালয়। আরেকটি গুচ্ছে আছে তিনটি প্রকৌশল ও প্রযুক্তি বিশ্ববিদ্যালয়। এই ২৯ বিশ্ববিদ্যালয়ে মোট আবেদনকারী ৩ লাখ ৩৪ হাজারের বেশি।</p>', 'fsfdgsfg', '1', 1, 'images/post/1962368904jpg', 0, '2021-10-17 07:43:09', '2021-10-17 07:43:40'),
(14, 1, 'author', '‘হ্যাকার’–‘চাকার’ নিয়ে বাংলাদেশের বিপক্ষে স্কটল্যান্ড', NULL, '‘হ্যাকার’–‘চাকার’-নিয়ে-বাংলাদেশের-বিপক্ষে-স্কটল্যান্ড', '<p>স্কটল্যান্ডের ওপেনার জর্জ মানসির ছদ্মনাম ‘হ্যাকার’। আইসিসি সহযোগী সদস্য দেশগুলোর বোলারদের জন্য নামটা বেশ আতঙ্কের। শুধু পরিসংখ্যান দিয়েই বোঝা যায় আতঙ্কের কারণটা। মানসি এখন পর্যন্ত টি-টোয়েন্টি খেলেছেন ৪৩টি। যার ৪১টিতে ব্যাটিং করে ২৯.৪২ গড়ে করেছেন ১১১৮ রান । বাঁ হাতি ব্যাটসম্যান মানসির টি-টোয়েন্টি স্ট্রাইক রেট ১৫৩.৩৬। ভীতি জাগানিয়া আগ্রাসী ব্যাটিংয়ের কারণেই আইসিসি সহযোগী সদস্য দেশের বোলাররা মানসির নাম দিয়েছে ‘হ্যাকার’।</p><p>কীভাবে এত দ্রুত রান করেন এই স্কটিশ ব্যাটসম্যান? ক্রিকেটের এমন কোনো শট নেই যা তিনি খেলেন না। ড্রাইভ, কাট, পুলের মতো ক্রিকেটের মৌলিক শট তো আছেই; সুইপ, রিভার্স সুইপ, র‍্যাম্প শটের মতো বৈচিত্র্যপূর্ণ শট তাঁকে ক্রিকেটের ছোট সংস্করণের ভয়ংকর ব্যাটসম্যানে পরিণত করেছে। আজকাল টি-টোয়েন্টি হিটারদের কাছে গলফ খেলা দিন দিন জনপ্রিয় হচ্ছে। মানসিও নাকি এক সময় গলফারই হতে চাইতেন। সেটি না হলেও ক্রিকেটটা তিনি খেলেন অনেকটা গলফের মতো করেই। পার্থক্য শুধু একটাই গলফ স্টিকের জায়গায় মানসি ব্যবহার করেন ক্রিকেট ব্যাট। গলফের বলের মতো ক্রিকেট বলকেও তিনি অনেক দূর পাঠাতে পারেন। বিশেষ করে</p>', 'sfdgfdgfg', '1', 1, 'images/post/561155952jpg', 1, '2021-10-17 07:47:04', '2021-10-17 07:47:19'),
(15, 5, 'author', 'যৌন হয়রানির প্রতিবাদ, চাকরি খোয়ালেন অ্যাপলের নারী', NULL, 'যৌন-হয়রানির-প্রতিবাদ,-চাকরি-খোয়ালেন-অ্যাপলের-নারী', '<p>মার্কিন প্রযুক্তি জায়ান্ট অ্যাপল তাদের একজন নারী কর্মীকে বরখাস্ত করেছে। ওই কর্মী প্রাতিষ্ঠানিক যৌন হয়রানি ও বৈষম্যের বিরুদ্ধে সোচ্চার ছিলেন। হয়রানি ও বৈষম্যের বিরুদ্ধে সবাইকে সংগঠিত করার ক্ষেত্রে নেতৃত্বও দিয়েছেন। গত শুক্রবার নিজেই তাঁর চাকরি হারানোর কথা সিএনএনকে জানান।</p><p>চাকরিচ্যুত ওই কর্মীর নাম জেনেকে পারিস। অ্যাপলের প্রোগ্রাম ম্যানেজার ছিলেন তিনি। যৌন নিপীড়নের বিরুদ্ধে বিশ্বজুড়ে ছড়িয়ে পড়া #মিটু আন্দোলনের মতো #অ্যাপলটু আন্দোলনের একজন সংগঠক ছিলেন পারিস। গত সপ্তাহে তাঁকে বহিষ্কার করা হয়। তাঁর শেষ কর্মদিবস ছিল গত বৃহস্পতিবার।</p>', 'fsdfsdf', '1', 1, 'images/post/602259511jpg', 0, '2021-10-17 07:50:54', '2021-10-17 07:59:40'),
(16, 5, 'author', 'কিছু শর্তে ভ্রমণ নিষেধাজ্ঞা তুলে নিয়েছে যুক্তরাষ্ট্র', NULL, 'কিছু-শর্তে-ভ্রমণ-নিষেধাজ্ঞা-তুলে-নিয়েছে-যুক্তরাষ্ট্র', '<p>৩৩টি দেশের নাগরিকের জন্য ভ্রমণ নিষেধাজ্ঞা তুলে নিচ্ছে যুক্তরাষ্ট্র। যাঁরা করোনার পূর্ণ ডোজ টিকা নিয়েছেন, আগামী ৮ নভেম্বর থেকে তাঁদের যুক্তরাষ্ট্রে প্রবেশে বাধা নেই বলে ঘোষণা দিয়েছে হোয়াইট হাউস।</p><p>বিবিসির এক প্রতিবেদনে বলা হয়, স্থানীয় সময় শুক্রবার হোয়াইট হাউসের মুখপাত্র জানিয়েছেন, পূর্ণ ডোজ করোনার টিকা নেওয়া এবং ভ্রমণের ৭২ ঘণ্টা আগে যাঁদের করোনার নেগেটিভ ফল থাকবে, তাঁরাই যুক্তরাষ্ট্রে প্রবেশ করতে পারবেন। এ ক্ষেত্রে কোয়ারেন্টিনে থাকার নিয়মও তুলে নিয়েছে বাইডেন প্রশাসন।৩৩টি দেশের নাগরিকের জন্য ভ্রমণ নিষেধাজ্ঞা তুলে নিচ্ছে যুক্তরাষ্ট্র। যাঁরা করোনার পূর্ণ ডোজ টিকা নিয়েছেন, আগামী ৮ নভেম্বর থেকে তাঁদের যুক্তরাষ্ট্রে প্রবেশে বাধা নেই বলে ঘোষণা দিয়েছে হোয়াইট হাউস।</p><p>বিবিসির এক প্রতিবেদনে বলা হয়, স্থানীয় সময় শুক্রবার হোয়াইট হাউসের মুখপাত্র জানিয়েছেন, পূর্ণ ডোজ করোনার টিকা নেওয়া এবং ভ্রমণের ৭২ ঘণ্টা আগে যাঁদের করোনার নেগেটিভ ফল থাকবে, তাঁরাই যুক্তরাষ্ট্রে প্রবেশ করতে পারবেন। এ ক্ষেত্রে কোয়ারেন্টিনে থাকার নিয়মও তুলে নিয়েছে বাইডেন প্রশাসন।</p>', 'fdfsdf', '1', 1, 'images/post/723370955jpg', 0, '2021-10-17 07:55:50', '2021-10-17 07:59:39'),
(17, 5, 'author', 'হাত ধোয়ার অভ্যাস ‘কমছে’, জনস্বাস্থ্যের জন্য শঙ্কা', NULL, 'হাত-ধোয়ার-অভ্যাস-‘কমছে’,-জনস্বাস্থ্যের-জন্য-শঙ্কা', '<p>এ বিষয়ে সরকারের রোগতত্ত্ব, রোগনিয়ন্ত্রণ ও গবেষণা প্রতিষ্ঠানের (আইইডিসিআর) উপদেষ্টা ও জনস্বাস্থ্যবিদ মুশতাক হোসেন প্রথম আলোকে বলেন, ‘করোনাকালে গড়ে ওঠা হাত ধোয়ার অভ্যাস টিকিয়ে রাখা গেলে ভবিষ্যতে ভালো ফল মিলতে পারত। সাম্প্রতিক সময়ে করোনা ছাড়াও জ্বর, সর্দি–কাশিসহ নানা প্রবণতা বেড়ে গেছে। অন্য ভাইরাস বা ব্যাকটেরিয়ার সংক্রমণ ঘটছে বলে ধারণা করা হয়। আমাদের হাত ধোয়ার অভ্যাস ঠিক না থাকার ফলে এমনটা হতে পারে।’</p><p>আজ শুক্রবার বিশ্বব্যাপী পালিত হচ্ছে হাত ধোয়া দিবস। ‘আমাদের হাতেই আমাদের ভবিষ্যৎ: চলো একসঙ্গে চলি’ স্লোগান নিয়ে এ দিবস পালন করা হচ্ছে।এ বিষয়ে সরকারের রোগতত্ত্ব, রোগনিয়ন্ত্রণ ও গবেষণা প্রতিষ্ঠানের (আইইডিসিআর) উপদেষ্টা ও জনস্বাস্থ্যবিদ মুশতাক হোসেন প্রথম আলোকে বলেন, ‘করোনাকালে গড়ে ওঠা হাত ধোয়ার অভ্যাস টিকিয়ে রাখা গেলে ভবিষ্যতে ভালো ফল মিলতে পারত। সাম্প্রতিক সময়ে করোনা ছাড়াও জ্বর, সর্দি–কাশিসহ নানা প্রবণতা বেড়ে গেছে। অন্য ভাইরাস বা ব্যাকটেরিয়ার সংক্রমণ ঘটছে বলে ধারণা করা হয়। আমাদের হাত ধোয়ার অভ্যাস ঠিক না থাকার ফলে এমনটা হতে পারে।’</p><p>আজ শুক্রবার বিশ্বব্যাপী পালিত হচ্ছে হাত ধোয়া দিবস। ‘আমাদের হাতেই আমাদের ভবিষ্যৎ: চলো একসঙ্গে চলি’ স্লোগান নিয়ে এ দিবস পালন করা হচ্ছে।</p>', 'gdfgdfdfsdf', '1', 1, 'images/post/2126722547jpg', 0, '2021-10-17 07:57:11', '2021-10-17 07:59:37'),
(18, 5, 'author', 'দেশে করোনায় ৯ জনের মৃত্যু', NULL, 'দেশে-করোনায়-৯-জনের-মৃত্যু', '<p>দেশে গত ২৪ ঘণ্টায় (গতকাল বৃহস্পতিবার সকাল ৮টা থেকে আজ শুক্রবার সকাল ৮টা পর্যন্ত) করোনা সংক্রমিত ৯ জনের মৃত্যু হয়েছে। এ সময় নতুন রোগী শনাক্ত হয়েছে ৩৯৬ জন। আগের দিনের তুলনায় মৃত্যু সামান্য বাড়লেও নতুন রোগী শনাক্ত কমেছে।</p><p>আজ শুক্রবার বিকেলে স্বাস্থ্য অধিদপ্তরের সংবাদ বিজ্ঞপ্তিতে এসব তথ্য জানানো হয়েছে। আগের দিন করোনায় ৭ জনের মৃত্যু হয়েছিল এবং রোগী শনাক্ত হয়েছিল ৪৬৬ জন।দেশে গত ২৪ ঘণ্টায় (গতকাল বৃহস্পতিবার সকাল ৮টা থেকে আজ শুক্রবার সকাল ৮টা পর্যন্ত) করোনা সংক্রমিত ৯ জনের মৃত্যু হয়েছে। এ সময় নতুন রোগী শনাক্ত হয়েছে ৩৯৬ জন। আগের দিনের তুলনায় মৃত্যু সামান্য বাড়লেও নতুন রোগী শনাক্ত কমেছে।</p><p>আজ শুক্রবার বিকেলে স্বাস্থ্য অধিদপ্তরের সংবাদ বিজ্ঞপ্তিতে এসব তথ্য জানানো হয়েছে। আগের দিন করোনায় ৭ জনের মৃত্যু হয়েছিল এবং রোগী শনাক্ত হয়েছিল ৪৬৬ জন।</p>', 'fdfs', '1', 1, 'images/post/486523329jpg', 0, '2021-10-17 07:58:06', '2021-10-17 07:59:31'),
(19, 5, 'author', 'যুক্তরাজ্যে ৪৩ হাজার ব্যক্তির ভুল করোনা নেগেটিভ সনদ', NULL, 'যুক্তরাজ্যে-৪৩-হাজার-ব্যক্তির-ভুল-করোনা-নেগেটিভ-সনদ', '<p>ভুল রিপোর্ট দেওয়ার অভিযোগে যুক্তরাজ্যের একটি পরীক্ষাগারে করোনা পরীক্ষা স্থগিত করা হয়েছে। আজ শুক্রবার দেশটির হেলথ সিকিউরিটি এজেন্সি (ইউকেএসএইচএ) জানিয়েছে, পিসিআর পরীক্ষায় করোনা পজিটিভ রোগীদের ভুল নেগেটিভ সনদ দেওয়ায় এ সিদ্ধান্ত নিয়েছে তারা। রয়টার্সের খবর।</p><p>খবরে বলা হয়, যুক্তরাজ্যের জাতীয় স্বাস্থ্যসেবা কর্তৃপক্ষ এ ঘটনায় তদন্ত শুরু করেছে। মধ্য ইংল্যান্ডের উলভারহ্যাম্পটনের একটি পরীক্ষাগারে প্রায় ৪৩ হাজার ব্যক্তির র‌্যাপিড ল্যাটারাল ফ্লো ডিভাইসে (এলএফডি) করোনা পজিটিভ শনাক্ত হওয়ার পর সেখানকার পিসিআর পরীক্ষায় নেগেটিভ ফল পাওয়া গেছে।</p>', 'fdd', '1', 1, 'images/post/1404312851jfif', 0, '2021-10-17 07:59:12', '2021-10-17 07:59:24'),
(20, 6, 'author', 'চীনের যে নতুন অস্ত্রের পরীক্ষায় তাজ্জব বনে গেল যুক্তরাষ্ট্র', NULL, 'চীনের-যে-নতুন-অস্ত্রের-পরীক্ষায়-তাজ্জব-বনে-গেল-যুক্তরাষ্ট্র', '<p>চীন নতুন একটি ‘হাইপারসনিক’ক্ষেপণাস্ত্রের পরীক্ষা চালিয়েছে। স্থানীয় সময় গতকাল শনিবার যুক্তরাজ্যভিত্তিক সংবাদমাধ্যম ফিন্যান্সিয়াল টাইমস এসব তথ্য জানিয়েছে। খবর এএফপির।</p><p>পরীক্ষা সম্পর্কে অবগত একাধিক সূত্রের বরাত দিয়ে খবরে বলা হয়, পারমাণবিক অস্ত্র বহনে সক্ষম—এমন একটি হাইপারসনিক ক্ষেপণাস্ত্র গত আগস্টে পরীক্ষামূলকভাবে মহাকাশে উৎক্ষেপণ করে বেইজিং। লক্ষ্যবস্তুর দিকে অগ্রসর হওয়ার আগে ক্ষেপণাস্ত্রটি পৃথিবীর কক্ষপথের নিচের দিক দিয়ে পরিভ্রমণ করছিল।</p><p>তিনটি সূত্র জানিয়েছে, ক্ষেপণাস্ত্রটি শেষ পর্যন্ত সুনির্দিষ্ট লক্ষ্যে পৌঁছায়নি। ক্ষেপণাস্ত্রটি লক্ষ্যবস্তু থেকে প্রায় ২০ মাইল দূরে গিয়ে পড়ে।</p><p>সূত্র জানায়, লংমার্চ রকেটে করে ক্ষেপণাস্ত্রটি মহাকাশে পাঠিয়েছিল বেইজিং। সাধারণত মহাকাশে কোনো রকেট উৎক্ষেপণ করলে বেইজিং তার জানান দেয়। কিন্তু গত আগস্টের উৎক্ষেপণের বিষয়টি তারা গোপন রাখে।</p>', 'fsdfs', '1', 1, 'images/post/1210696588jpg', 0, '2021-10-17 08:02:14', '2021-10-17 08:07:21'),
(21, 6, 'author', 'যৌন হয়রানির প্রতিবাদ, চাকরি খোয়ালেন', NULL, 'যৌন-হয়রানির-প্রতিবাদ,-চাকরি-খোয়ালেন', '<p>চাকরিচ্যুত ওই কর্মীর নাম জেনেকে পারিস। অ্যাপলের প্রোগ্রাম ম্যানেজার ছিলেন তিনি। যৌন নিপীড়নের বিরুদ্ধে বিশ্বজুড়ে ছড়িয়ে পড়া #মিটু আন্দোলনের মতো #অ্যাপলটু আন্দোলনের একজন সংগঠক ছিলেন পারিস। গত সপ্তাহে তাঁকে বহিষ্কার করা হয়। তাঁর শেষ কর্মদিবস ছিল গ</p>', 'fdsfd', '1', 1, 'images/post/134996198jpg', 0, '2021-10-17 08:04:13', '2021-10-17 08:07:19'),
(22, 6, 'author', 'ইয়েমেনে সরকারি বাহিনীর হামলায় ‘১৬০ বিদ্রোহী নিহত’', NULL, 'ইয়েমেনে-সরকারি-বাহিনীর-হামলায়-‘১৬০-বিদ্রোহী-নিহত’', '<p>ইয়েমেনে কৌশলগত শহর মারিবের দক্ষিণে সৌদি নেতৃত্বাধীন জোট–সমর্থিত সরকারি বাহিনীর বিমান হামলায় ১৬০ হুতি বিদ্রোহী নিহত হয়েছে। গতকাল শনিবার চালানো বিভিন্ন হামলায় তারা নিহত হয় বলে দাবি করেছে সরকারি বাহিনী। তবে এ ব্যাপারে হুতি বিদ্রোহীদের পক্ষ থেকে কোনো বক্তব্য পাওয়া যায়নি বলে জানিয়েছে বার্তা সংস্থা এএফপি।</p><p>উত্তর ইয়েমেনে সৌদি নেতৃত্বাধীন জোট-সমর্থিত সরকারি বাহিনীর সবশেষ শক্ত ঘাঁটি মারিব ছিনিয়ে নিতে এ বছরের ফেব্রুয়ারি মাসে আভিযান শুরু করে হুতি বিদ্রোহীরা। সাময়িক বিরতির পর সম্প্রতি আবারও লড়াই জোরালো করে তারা।</p><p>সৌদি জোটকে উদ্ধৃত করে সৌদি প্রেস এজেন্সির প্রতিবেদনে বলা হয়, ‘গত ২৪ ঘণ্টায় আবদিয়াতে আমরা ৩২টি হামলা চালিয়েছি। এতে ১১টি সামরিক যান ধ্বংস এবং সন্ত্রাসী কর্মকাণ্ডে ব্যবহার করা ১৬০টির বেশি উপকরণ নির্মূল করা হয়েছে।’</p>', 'hdfhfdhdfg', '1', 1, 'images/post/1452900900jpg', 0, '2021-10-17 08:04:50', '2021-10-17 08:07:18'),
(23, 6, 'author', 'আফগানিস্তানে আটকা দোভাষীরা কেমন আছেন?', NULL, 'আফগানিস্তানে-আটকা-দোভাষীরা-কেমন-আছেন?', '<p>আফগানিস্তানে ১১ দোভাষীর দিন কাটছে আতঙ্কে। বিগত ২০ বছরে আফগানিস্তানে মার্কিন নেতৃত্বাধীন জোটের সন্ত্রাসবিরোধী অভিযানে তাঁরা কাজ করেছেন ব্রিটিশ সেনাবাহিনীর হয়ে। তাঁদের অভিযোগ, যুক্তরাজ্য কথা রাখেনি। তালেবানের ক্ষমতা দখলের পর তাঁদের নিরাপদে সরিয়ে নেওয়ার আশ্বাস দিলেও পরে আর তাঁদের নেওয়া হয়নি।</p><p>১১ আফগান দোভাষীর সঙ্গে কথা বলেছে ব্রিটিশ সংবাদমাধ্যম বিবিসি। তাঁরা &nbsp;জানান, অন্যদের মতো তাঁরাও যুক্তরাজ্য সরকারের কাছ থেকে চিঠি পেয়েছিলেন। দেশটিতে পুনর্বাসনের ক্ষেত্রে যোগ্যদের তালিকায় তাঁরা রয়েছেন বলে জানানো হয়েছিল। তবে শেষ পর্যন্ত বাদ পড়েন তাঁরা। বলা হয়, নিরাপত্তা বিবেচনায় তাঁদের সরিয়ে নেওয়ার প্রক্রিয়া স্থগিত করা হয়েছে। এই ১১ দোভাষীর মধ্যে কয়েকজনের কথা তুলে ধরা হলো এখানে।</p>', 'fdsfsd', '1', 1, 'images/post/1510886960jpg', 0, '2021-10-17 08:05:48', '2021-10-17 08:07:16'),
(24, 6, 'author', 'মেয়েদের শিক্ষা নিয়ে তালেবান শিগগির পরিকল্পনা ঘোষণা', NULL, 'মেয়েদের-শিক্ষা-নিয়ে-তালেবান-শিগগির-পরিকল্পনা-ঘোষণা', '<p>গত শুক্রবার নিউইয়র্কে জাতিসংঘে ইউনিসেফের উপনির্বাহী পরিচালক ওমর আবদি বলেন, তালেবানের শিক্ষামন্ত্রী তাঁদের বলেছেন, তাঁরা একটি কাঠামো নিয়ে কাজ করছেন। এ কাঠামো তাঁরা শিগগিরই ঘোষণা করবেন। এ কাঠামো আফগান মেয়েদের মাধ্যমিক বিদ্যালয়ে যাওয়ার সুযোগ করে দেবে। তাঁরা আশা করছেন, এটি খুব শিগগির হবে।</p><p>কয়েক সপ্তাহ ধরে তালেবান বলে আসছে, তারা যত তাড়াতাড়ি সম্ভব মেয়েদের স্কুলে ফিরতে দেবে।</p><p>ওমর আবদি বলেন, আফগান মেয়েদের শিক্ষার জন্য আর অপেক্ষা না বাড়াতে দেশটির শাসনকারী তালেবান কর্তৃপক্ষের প্রতি আহ্বান জানিয়েছে জাতিসংঘ।</p>', 'dff', '1', 1, 'images/post/814991005jpg', 0, '2021-10-17 08:06:59', '2021-10-17 08:07:14'),
(25, 7, 'author', 'রাহুল দ্রাবিড় কোচ হচ্ছেন, জানেনই না কোহলি', NULL, 'রাহুল-দ্রাবিড়-কোচ-হচ্ছেন,-জানেনই-না-কোহলি', '<p>এবারের টি-টোয়েন্টি বিশ্বকাপই হচ্ছে কোচ হিসেবে রবি শাস্ত্রীর শেষ বিশ্বকাপ। চুক্তির মেয়াদ শেষ হচ্ছে ভারতীয় ক্রিকেট দলের বর্তমান কোচের। তাঁর স্থলাভিষিক্ত হচ্ছেন রাহুল দ্রাবিড়—এটা নিশ্চিতই।</p><p>গত পরশু রাতে ভারতীয় ক্রিকেট বোর্ডের (বিসিসিআই) সভাপতি সৌরভ গাঙ্গুলীর সঙ্গে এক বৈঠকে বসে কোচ হতে সম্মতি দিয়েছেন রাহুল। বিশ্বকাপ শেষেই তিনি দায়িত্ব নেবেন। তাঁর চুক্তি হবে ২০২৩ পর্যন্ত।</p><p>বিসিসিআই এখনো আনুষ্ঠানিক ঘোষণা দেয়নি। তবে ভারতীয় গণমাধ্যমের খবর অনুযায়ী রবি শাস্ত্রীর জায়গায় রাহুল দ্রাবিড়ের কোচ হওয়া প্রায় নিশ্চিতই। কিন্তু মজার ব্যাপারে হচ্ছে, এত বড় খবর ভারতীয় অধিনায়ক বিরাট কোহলি নাকি জানেনই না!</p><p><br>টি–টোয়েন্টি বিশ্বকাপ শুরু আগে অংশগ্রহণকারী দলগুলোর অধিনায়কদের নিয়ে আইসিসির এক আয়োজনে কোহলিকে রাহুল দ্রাবিড় সম্পর্কে প্রশ্ন করা হয়েছিল। তিনি সোজা জানিয়ে দেন, এ ব্যাপারে তাঁর তেমন কোনো ধারণা নেই।</p>', 'fdd', '1', 1, 'images/post/1250492325jpg', 0, '2021-10-17 08:15:24', '2021-10-17 08:19:33'),
(26, 7, 'author', 'সোনালি সাফল্যের প্রত্যাশা', NULL, 'সোনালি-সাফল্যের-প্রত্যাশা', '<p>টি-টোয়েন্টি বিশ্বকাপ এখন পর্যন্ত আমাদের কাছে একটা হতাশার নাম। ২০০৭ সালের প্রথম আসরেই আমরা ওয়েস্ট ইন্ডিজকে হারিয়ে দিয়েছিলাম। কিন্তু সেই থেকে এখন পর্যন্ত ২০ ওভারের বিশ্বকাপে আর কোনো বড় দলের বিপক্ষে আমাদের জয় নেই।</p><p>হতাশা দিয়ে শুরু করলেও আজ আমি আশার কথাই বলব। আশা এবারের টি-টোয়েন্টি বিশ্বকাপ নিয়ে। জানি না, আপনারা কে কী ভাবছেন, তবে আমি এবার অনেক বড় আশা নিয়েই তাকিয়ে আছি মাহমুদউল্লাহর দলের দিকে। বাংলাদেশ সেমিফাইনালে যাবে, ফাইনালে যাবে, এরপর...।</p><p><br>টি-টোয়েন্টি বিশ্বকাপ এখন পর্যন্ত আমাদের কাছে একটা হতাশার নাম। ২০০৭ সালের প্রথম আসরেই আমরা ওয়েস্ট ইন্ডিজকে হারিয়ে দিয়েছিলাম। কিন্তু সেই থেকে এখন পর্যন্ত ২০ ওভারের বিশ্বকাপে আর কোনো বড় দলের বিপক্ষে আমাদের জয় নেই।</p><p>হতাশা দিয়ে শুরু করলেও আজ আমি আশার কথাই বলব। আশা এবারের টি-টোয়েন্টি বিশ্বকাপ নিয়ে। জানি না, আপনারা কে কী ভাবছেন, তবে আমি এবার অনেক বড় আশা নিয়েই তাকিয়ে আছি মাহমুদউল্লাহর দলের দিকে। বাংলাদেশ সেমিফাইনালে যাবে, ফাইনালে যাবে, এরপর...।</p><p><br>টি-টোয়েন্টি বিশ্বকাপ এখন পর্যন্ত আমাদের কাছে একটা হতাশার নাম। ২০০৭ সালের প্রথম আসরেই আমরা ওয়েস্ট ইন্ডিজকে হারিয়ে দিয়েছিলাম। কিন্তু সেই থেকে এখন পর্যন্ত ২০ ওভারের বিশ্বকাপে আর কোনো বড় দলের বিপক্ষে আমাদের জয় নেই।</p><p>হতাশা দিয়ে শুরু করলেও আজ আমি আশার কথাই বলব। আশা এবারের টি-টোয়েন্টি বিশ্বকাপ নিয়ে। জানি না, আপনারা কে কী ভাবছেন, তবে আমি এবার অনেক বড় আশা নিয়েই তাকিয়ে আছি মাহমুদউল্লাহর দলের দিকে। বাংলাদেশ সেমিফাইনালে যাবে, ফাইনালে যাবে, এরপর...।</p><p><br>&nbsp;</p>', 'fdfds', '1', 1, 'images/post/2062270270jpg', 0, '2021-10-17 08:16:29', '2021-10-17 08:19:31'),
(27, 7, 'author', 'কাঠমিস্ত্রির ছেলে বিশ্বকাপে', NULL, 'কাঠমিস্ত্রির-ছেলে-বিশ্বকাপে', '<p>কেতাবি নাম ‘আল–হাজার মাউন্টেনস’—বাংলা অর্থে মনে হতে পারে হাজার পর্বতমালা। হাজারখানেক পর্বত না থাকলেও পূর্ব আরব উপদ্বীপে সর্বোচ্চ শৃঙ্গ ধারণ করছে এ পবর্তমালা। আল আমেরাত স্টেডিয়াম তারই পাদদেশে অবস্থিত। এখানেই আজ শুরু হচ্ছে টি–টোয়েন্টি বিশ্বকাপ। প্রথম ম্যাচে স্বাগতিক ওমানের মুখোমুখি পাপুয়া নিউগিনি। রূপক অর্থে দৃশ্যটি যথার্থই—সুপার টুয়েলভের দেশগুলো যদি সেই আল হাজার পর্বতমালার মতো শক্তিশালী হয়, তাহলে শক্তিতে তাদের পদতলে থাকা দুটি দেশের লড়াই দিয়েই শুরু হচ্ছে টি–টোয়েন্টি বিশ্বকাপ।</p><p>ওমান ও পাপুয়া নিউগিনির এ ম্যাচ নিয়ে কারও আগ্রহ থাকার কথা নয়। পরিচিত কোনো তারকা যে নেই! কিন্তু দেখার চোখ থাকলে এ সাধারণ ধারণার ভেতরকার ভুলটা চোখে বিঁধবে।</p>', 'gdfgdfdfsdf', '1', 1, 'images/post/2031517934jpg', 0, '2021-10-17 08:17:43', '2021-10-17 08:19:29'),
(28, 7, 'author', 'আজ টিভিতে যা দেখবেন', NULL, 'আজ-টিভিতে-যা-দেখবেন', '<p>আজ থেকে শুরু হচ্ছে টি–টোয়েন্টি বিশ্বকাপ। প্রথম দিনই বাংলাদেশ খেলবে স্কটল্যান্ডের সঙ্গে। খেলাটি শুরু হবে রাত ৮টায়। বিশ্বকাপের অপর ম্যাচে বিকাল ৪টায় ওমান খেলবে পাপুয়া নিউগিনির বিপক্ষে।</p>', 'hello world bangladesh', '1', 1, 'images/post/642607425jpg', 0, '2021-10-17 08:19:14', '2021-10-17 08:19:28'),
(29, 8, 'author', 'ওষুধশিল্পের কাঁচামাল উৎপাদনে আয়কর অব্যাহতি', NULL, 'ওষুধশিল্পের-কাঁচামাল-উৎপাদনে-আয়কর-অব্যাহতি', '<p>বাংলাদেশে নিবন্ধিত দেশীয় ও যৌথ উদ্যোগে যেসব ওষুধ কারখানা অ্যাকটিভ ফার্মাসিউটিক্যাল ইনগ্রেডিয়েন্টস (এপিআই) মলিকিউল ও ল্যাবরেটরি বিকারক উৎপাদন করবে, সেগুলো আগামী ২০৩২ সাল পর্যন্ত কর অব্যাহতি পাবে। জাতীয় রাজস্ব বোর্ড (এনবিআর) সম্প্রতি এ ব্যাপারে প্রজ্ঞাপন জারি করেছে।</p><p>এপিআই হচ্ছে ওষুধ পণ্য উৎপাদনের কাঁচামাল, যা আমদানিনির্ভর। ওষুধশিল্প খাতে টেকসই শিল্পায়নের মাধ্যমে রপ্তানি বহুমুখীকরণ এবং দেশি-বিদেশি বিনিয়োগ উৎসাহিত করার লক্ষ্যেই এই কর অব্যাহতি দেওয়া হয়েছে বলে জানা গেছে। এই সুবিধা পাঁচ বছর আগে থেকে অর্থাৎ ২০১৬ সালের ১ জুলাই থেকে কার্যকর বলে গণ্য হবে।</p>', 'fggfd', '1', 1, 'images/post/944414317jpg', 0, '2021-10-17 08:29:29', '2021-10-17 08:33:37'),
(30, 8, 'author', '১৭১টি নতুন পোশাক কারখানা চালু', NULL, '১৭১টি-নতুন-পোশাক-কারখানা-চালু', '<p>গাজীপুরের গাজীপুরা এলাকার সাতাইশে চলতি বছরের জানুয়ারিতে মাম’স টাচ সোয়েটার গার্ডেন নামের সোয়েটার কারখানা চালু করেন তাজুল ইসলাম। বর্তমানে প্রায় ১৫০ জন শ্রমিক কারখানাটিতে কাজ করছেন। কোনো মাসে ৫ হাজার, কোনো মাসে ২০ হাজার সোয়েটারও রপ্তানি হয়। বিদেশি ক্রেতা প্রতিষ্ঠানের কাছ থেকে সরাসরি ক্রয়াদেশ না পেয়ে সাবকন্ট্রাক্টিং বা ঠিকায় কাজ করছে কারখানাটি। বায়িং হাউস থেকেও কিছু ক্রয়াদেশ পাচ্ছে।</p><p>ভাড়া জমি ও ভবনে কারখানাটি শুরু করতে প্রাথমিকভাবে প্রায় এক কোটি টাকা বিনিয়োগ করেছেন তাজুল ইসলাম। তিনি বলেন, ‘করোনার আগেই পোশাক কারখানা করার পরিকল্পনা করেছিলাম। জমির মালিককে ভবন নির্মাণের জন্য টাকাও দেওয়া হয়েছিল। সে কারণে মহামারির মাঝেই কারখানা চালু করতে হয়েছে। পেছনে ফেরার কোনো সুযোগ ছিল না।’</p>', 'fsdfsdf', '1', 1, 'images/post/1195890207jpg', 0, '2021-10-17 08:30:28', '2021-10-17 08:33:36'),
(31, 8, 'author', 'কারখানা পরিদর্শনের আনুষ্ঠানিকতা শুরু হচ্ছে মঙ্গলবার', NULL, 'কারখানা-পরিদর্শনের-আনুষ্ঠানিকতা-শুরু-হচ্ছে-মঙ্গলবার', '<p>দেশের কলকারখানাগুলোতে কী ধরনের ত্রুটি আছে তা পরিদর্শনে আনুষ্ঠানিকতা শুরু হচ্ছে আগামী মঙ্গলবার। কারখানা পরিদর্শনের জন্য জেলা পর্যায়ের ৩০০ কর্মকর্তার একটি তালিকা করা হয়েছে। তাঁদের ঢাকায় আসতে বলা হয়েছে। বাংলাদেশ বিনিয়োগ উন্নয়ন কর্তৃপক্ষ (বিডা) কার্যালয়ে এসব কর্মকর্তাকে এক দিনের প্রশিক্ষণের ব্যবস্থা করা হয়েছে। কারখানা পরিদর্শনে গিয়ে একজন কর্মকর্তা কী কী বিষয় দেখবেন, প্রশিক্ষণে তা-ই শেখানো হবে। প্রশিক্ষণ শেষ হওয়ার পরের সপ্তাহ থেকে কর্মকর্তারা মাঠে নামবেন।</p>', 'gdfgdfdfsdf', '1', 1, 'images/post/270467384jpg', 0, '2021-10-17 08:31:53', '2021-10-17 08:33:34'),
(32, 8, 'author', 'কারাগার থেকে গ্রাহকদের উদ্দেশে যে কথা বলেছেন', NULL, 'কারাগার-থেকে-গ্রাহকদের-উদ্দেশে-যে-কথা-বলেছেন', '<p>সময় ও সুযোগ পেলে চার মাসের মধ্যেই সব জটিলতা গুছিয়ে তোলা সম্ভব বলে দাবি করেন ইভ্যালির ব্যবস্থাপনা পরিচালক (এমডি) মোহাম্মদ রাসেল। আজ বিকেল ৫টা ৪৩ মিনিটে ভেরিফায়েড ফেসবুক ঠিকানা (ইভ্যালি ডটকম বিডি) থেকে একটি পোস্টের মাধ্যমে ইভ্যালি এ কথা বলেছে। আইনজীবীর মাধ্যমে ইভ্যালির এমডির কাছ থেকে বক্তব্যটি পাওয়া গেছে বলে ফেসবুক পোস্টে বলা হয়।</p><p>গ্রাহকদের ‘সম্মানিত’ সম্বোধন করে তাঁদের উদ্দেশে বলা হয়, ‘বর্তমান পরিস্থিতি সম্পর্কে আপনারা সবাই অবগত। ডিজিটাল বাংলাদেশ নির্মাণের অপ্রতিরোধ্য অগ্রযাত্রার অংশীদার হয়ে দেশের অনলাইন কেনাকাটাকে সবার হাতের মুঠোয় নিয়ে যেতে আমরা অবিরাম কাজ করে যাচ্ছি। এই কাজকে আমরা এগিয়ে নিতে চাই। সবার সহযোগিতায় ব্যবসায়িক কার্যক্রম চালিয়ে যেতে চাই। এই সুযোগ পেলে সবার সব ধরনের অর্ডার ডেলিভারি দিতে আমরা অঙ্গীকারবদ্ধ ছিলাম, আছি এবং থাকব।’</p>', 'gdffsfddfs', '1', 1, 'images/post/567493230jfif', 0, '2021-10-17 08:33:19', '2021-10-17 08:33:33'),
(33, 9, 'author', 'উল্লেখ করা হয়, ‘আমাদের সম্মানিত সিইও এবং চেয়ারম্যান', NULL, 'উল্লেখ-করা-হয়,-‘আমাদের-সম্মানিত-সিইও-এবং-চেয়ারম্যান', '<p>উল্লেখ করা হয়, ‘আমাদের সম্মানিত সিইও এবং চেয়ারম্যান উল্লেখ করা হয়, ‘আমাদের সম্মানিত সিইও এবং চেয়ারম্যান উল্লেখ করা হয়, ‘আমাদের সম্মানিত সিইও এবং চেয়ারম্যান উল্লেখ করা হয়, ‘আমাদের সম্মানিত সিইও এবং চেয়ারম্যান উল্লেখ করা হয়, ‘আমাদের সম্মানিত সিইও এবং চেয়ারম্যান উল্লেখ করা হয়, ‘আমাদের সম্মানিত সিইও এবং চেয়ারম্যান উল্লেখ করা হয়, ‘আমাদের সম্মানিত সিইও এবং চেয়ারম্যান উল্লেখ করা হয়, ‘আমাদের সম্মানিত সিইও এবং চেয়ারম্যান উল্লেখ করা হয়, ‘আমাদের সম্মানিত সিইও এবং চেয়ারম্যান উল্লেখ করা হয়, ‘আমাদের সম্মানিত সিইও এবং চেয়ারম্যান উল্লেখ করা হয়, ‘আমাদের সম্মানিত সিইও এবং চেয়ারম্যান উল্লেখ করা হয়, ‘আমাদের সম্মানিত সিইও এবং চেয়ারম্যান&nbsp;</p>', 'http://www.youtube.com/embed/W7qWa52k-nE', '1', 1, 'images/post/883629726jpg', 0, '2021-10-17 08:38:38', '2021-10-17 08:38:54'),
(34, 10, 'author', 'অফিসের খরচ চালানো এবং আমাদের কর্মচারীদের দায়িত্ব নেওয়ার বিষয়গুলোতে', NULL, 'অফিসের-খরচ-চালানো-এবং-আমাদের-কর্মচারীদের-দায়িত্ব-নেওয়ার-বিষয়গুলোতে', '<p>অফিসের খরচ চালানো এবং আমাদের কর্মচারীদের দায়িত্ব নেওয়ার বিষয়গুলোতেঅফিসের খরচ চালানো এবং আমাদের কর্মচারীদের দায়িত্ব নেওয়ার বিষয়গুলোতেঅফিসের খরচ চালানো এবং আমাদের কর্মচারীদের দায়িত্ব নেওয়ার বিষয়গুলোতেঅফিসের খরচ চালানো এবং আমাদের কর্মচারীদের দায়িত্ব নেওয়ার বিষয়গুলোতেঅফিসের খরচ চালানো এবং আমাদের কর্মচারীদের দায়িত্ব নেওয়ার বিষয়গুলোতে</p>', 'http://www.youtube.com/embed/W7qWa52k-nE', '1', 1, 'images/post/2039696013jpg', 0, '2021-10-17 08:42:28', '2021-10-17 09:13:26'),
(35, 11, 'author', 'কার্বন নিঃসরণ আরও বাড়ছে, প্রকট হচ্ছে জলবায়ু সংকট', NULL, 'কার্বন-নিঃসরণ-আরও-বাড়ছে,-প্রকট-হচ্ছে-জলবায়ু-সংকট', '<p>বিশ্বজুড়ে চলতি বছর কার্বন ডাই-অক্সাইডের নিঃসরণ বিপজ্জনকভাবে বেড়ে যাবে বলে পূর্বাভাস দিয়েছে আন্তর্জাতিক জ্বালানি সংস্থা আইইএ। এদিকে জাতিসংঘের বিশ্ব আবহাওয়া সংস্থা সতর্ক করে বলেছে, গত বছর বিশ্বজুড়ে জলবায়ু সংকট আরও প্রকট হয়েছে। এই ধারা অব্যাহত রয়েছে এ বছরও।</p><p>বার্তা সংস্থা এএফপি জানায়, আইইএ গতকাল মঙ্গলবার প্রকাশিত এক প্রতিবেদনে বলেছে, করোনাভাইরাসের মহামারির ধাক্কায় বিশ্বজুড়েই অর্থনীতির চাকা প্রায় থেমেই গিয়েছিল। সেই অচলাবস্থা কাটিয়ে অর্থনীতি আবার পুনরুজ্জীবিত হচ্ছে। অর্থনৈতিক এই পুনরুদ্ধারে যে উপকরণগুলো ব্যবহার করা হচ্ছে, কয়লা তার মধ্যে অন্যতম। এর ফলে ২০২১ সালে এত পরিমাণ কার্বন ডাই-অক্সাইড নিঃসরণ হবে, যা ইতিহাসের দ্বিতীয় সর্বোচ্চ।</p><p>যুক্তরাষ্ট্রের প্রেসিডেন্ট জো বাইডেনের আহ্বানে জলবায়ু সম্মেলন শুরুর আগমুহূর্তে প্রকাশ করা হলো এই প্রতিবেদন। আগামীকাল বৃহস্পতিবার ও আগামী শুক্রবার বসবে দুই দিনের এই সম্মেলন। এই সম্মেলনকে স্কটল্যান্ডের গ্লাসগোয় আগামী নভেম্বরে অনুষ্ঠেয় জাতিসংঘ জলবায়ু পরিবর্তন সম্মেলনের আগে গুরুত্বপূর্ণ একটি পদক্ষেপ বলে অভিহিত করেছেন বিশেষজ্ঞরা।</p>', 'jhghfgh', '1', 1, 'images/post/1437909640jpg', 0, '2021-10-17 09:09:36', '2021-10-17 09:13:24'),
(36, 11, 'author', 'ট্রাম্পের পথে বাইডেন, আরও চীনা প্রতিষ্ঠানের বিরুদ্ধে', NULL, 'ট্রাম্পের-পথে-বাইডেন,-আরও-চীনা-প্রতিষ্ঠানের-বিরুদ্ধে', '<p>চীন প্রশ্নে পূর্বসূরি ডোনাল্ড ট্রাম্পের পথেই হাঁটলেন যুক্তরাষ্ট্রের প্রেসিডেন্ট জো বাইডেন। চীনের সামরিক বাহিনীর সঙ্গে সম্পর্ক রয়েছে— দেশটির এমন কয়েক ডজন প্রযুক্তি ও প্রতিরক্ষা সরঞ্জাম তৈরিকারক প্রতিষ্ঠানে মার্কিন নাগরিকদের বিনিয়োগের ওপর নিষেধাজ্ঞা আরোপ করতে যাচ্ছেন তিনি।</p><p>যুক্তরাজ্যের সংবাদমাধ্যম বিবিসির খবরে বলা হয়েছে, হোয়াইট হাউসের একজন কর্মকর্তা বলেছেন, ট্রাম্প প্রশাসনের নিষেধাজ্ঞার আওতায় ছিল চীনের ৩১টি প্রতিষ্ঠান। এখন সেটা বেড়ে হবে ৫৯টি। এর মধ্যে চীনের বিখ্যাত প্রযুক্তি প্রতিষ্ঠান হুয়াওয়েও রয়েছে। বাইডেনের নিষেধাজ্ঞার নির্বাহী আদেশ আগামী ২ আগস্ট থেকে কার্যকর হবে।</p>', 'jhgghfhfgh', '1', 1, 'images/post/201235615jfif', 0, '2021-10-17 09:10:51', '2021-10-17 09:13:22'),
(37, 11, 'author', 'আগামী দিনে প্রক্রিয়াজাত খাদ্যের চাহিদা আরও বাড়বে', NULL, 'আগামী-দিনে-প্রক্রিয়াজাত-খাদ্যের-চাহিদা-আরও-বাড়বে', '<p>কৃষি প্রক্রিয়াজাত খাদ্যের সম্ভাবনা ব্যাপক। তৈরি পোশাক মানুষ যেমন গ্রহণ করছে, তেমনি তৈরি খাদ্যও মানুষ কিনছে ও খাচ্ছে। পৃথিবীর অনেক দেশেই প্রচুর পরিমাণে প্রক্রিয়াজাত খাদ্য উৎপাদিত হয় না। তারা মূলত আমদানিনির্ভর। সব মিলিয়ে আগামী দিনে প্রক্রিয়াজাত খাদ্যের চাহিদা আরও বাড়বে। পণ্যটির রপ্তানি বাড়াতে হলে আমাদের দেশের কৃষিকে আরও বেশি উৎপাদনমুখী হতে হবে।</p>', 'gsfgsd', '1', 1, 'images/post/1134053635png', 0, '2021-10-17 09:12:07', '2021-10-17 09:13:21'),
(38, 11, 'author', 'টাকাওয়ালাদের হিসাবে টাকা আরও বেড়েছে', NULL, 'টাকাওয়ালাদের-হিসাবে-টাকা-আরও-বেড়েছে', '<p>উচুয়াল ট্রাস্ট ব্যাংকের ব্যবস্থাপনা পরিচালক সৈয়দ মাহবুবুর রহমান <i>প্রথম আলো</i>কে বলেন, এখন দেশে বেসরকারি খাতে বেতনকাঠামোতে বড় পরিবর্তন এসেছে। ১৫-২০ লাখ টাকা বেতনে অনেকে চাকরি করছেন। ফলে এক কোটি টাকা তেমন বড় অঙ্ক নয়। ব্যাংকাররাও এখন ১০ বছরে কোটি টাকা জমানোর সুযোগ পাচ্ছেন। আবার করোনার মধ্যে কিছু মানুষ নতুন করে ধনী হয়েছেন। আবার ভোগবিলাস, ভ্রমণ বন্ধ করেছেন অনেকে। এসব কারণে কোটি টাকার হিসাব বেড়েছে। পুঁজিবাদী সমাজে ধনীরা আরও ধনী হবে, গরিবেরা আরও নিচে নেমে যাবে, এটাই বাস্তবতা।</p><p>এদিকে ২০২০ সাল শেষে ব্যাংকে আমানত বেড়ে দাঁড়ায় ১৩ লাখ ৭৯ হাজার ১৫০ কোটি টাকা। ২০১৯ সালে যা ছিল ১২ লাখ ১৪ হাজার ৪৫৫ কোটি টাকা।</p>', 'ffsdfs', '1', 1, 'images/post/1427146100jpg', 0, '2021-10-17 09:13:08', '2021-10-17 09:13:19'),
(39, 12, 'author', 'জি বাংলার পর সম্প্রচারে স্টার জলসাও', NULL, 'জি-বাংলার-পর-সম্প্রচারে-স্টার-জলসাও', '<p>বাংলাদেশে জি বাংলার সম্প্রচার শুরুর এক দিন পর স্টার জলসাও সম্প্রচারে এসেছে। স্টার জলসা বিজ্ঞাপনমুক্ত (ক্লিন ফিড) সম্প্রচার করছে, কোনো প্রোমোও দেখাচ্ছে না। গতকাল শনিবার রাত থেকে চ্যানেলটির সম্প্রচার শুরু হয়েছে।</p><p>বিজ্ঞাপনমুক্ত বিদেশি চ্যানেল সম্প্রচারে সরকারের কড়াকড়ির মধ্যে ১ অক্টোবর কেব্‌ল অপারেটর ও ডিটিএইচ বাংলাদেশে সব বিদেশি চ্যানেলের সম্প্রচার বন্ধ করে দেয়। এর মধ্যে ১৪ দিন বন্ধ থাকার পর ক্লিন ফিড চ্যানেল হিসেবে প্রথম সম্প্রচারে আসে জি বাংলা। আর ১৫ দিন পর সম্প্রচারে এল স্টার জলসা। চ্যানেল দুটি বাংলাদেশের দর্শকদের একটি অংশের কাছে বেশ জনপ্রিয়। চ্যানেলে প্রচারিত সিরিয়ালগুলো দেখে থাকেন অনেকে।</p>', 'gfsfsg', '1', 1, 'images/post/544865725jpeg', 1, '2021-10-17 09:16:25', '2021-10-17 09:30:33'),
(40, 12, 'author', 'মন্দিরে হামলাকারীদের বিচারের দাবি', NULL, 'মন্দিরে-হামলাকারীদের-বিচারের-দাবি', '<p>দেশে হিন্দু সম্প্রদায়ের লোকজনের ওপর নির্যাতন আগের সব ঘটনা ছাড়িয়ে যাচ্ছে। দুর্গাপূজার সময় অস্থিরতা তৈরির জন্য কুমিল্লায় মন্দিরের ঘটনাটি ঘটানো হয়েছে। এমন মন্তব্য করে আগামী তিন দিনের মধ্যে এসব ঘটনায় জড়িত ব্যক্তিদের গ্রেপ্তার এবং মানবতাবিরোধী অপরাধের বিচারে গঠিত আন্তর্জাতিক অপরাধ ট্রাইব্যুনালের মাধ্যমে তাঁদের বিচার করার দাবি জানিয়েছেন সনাতন ধর্মাবলম্বীরা।</p><p>রাজধানীর জাতীয় প্রেসক্লাবের সামনে আজ শনিবার সকালে মানববন্ধন ও বিক্ষোভ সমাবেশের কর্মসূচি পালন করেন সনাতন ধর্মাবলম্বীরা। হিন্দু সম্প্রদায়ের অনুসারী আটটি সংগঠনের ব্যানারে এসব কর্মসূচি পালন করা হয়।</p>', 'fdfsdfsd', '1', 1, 'images/post/655588004webp', 1, '2021-10-17 09:18:27', '2021-10-17 09:30:51'),
(41, 12, 'author', 'ঢাকার ৯৫ ভাগ বাড়িতেই নেই সেপটিক ট্যাংক', NULL, 'ঢাকার-৯৫-ভাগ-বাড়িতেই-নেই-সেপটিক-ট্যাংক', '<p>ঢাকা শহরের ৯৫ শতাংশ বাড়িতেই সেপটিক ট্যাংক নেই। আর ৯৯ দশমিক ৯৯ শতাংশ বাড়িতে নেই সোক ওয়েল। এগুলো নিশ্চিত করার জন্য বাড়িমালিকদের উদ্যোগ গ্রহণে বাধ্য করতে হবে। এক সেমিনারে ঢাকা দক্ষিণ সিটি করপোরেশনের (ডিএসসিসি) মেয়র শেখ ফজলে নূর তাপস এ কথা বলেন।</p><p>আজ শনিবার রাজধানীর প্যান প্যাসিফিক সোনারগাঁও হোটেলে ‘পানি সরবরাহ, স্যানিটেশন ও হাইজিন (ওয়াশ) সেক্টরে ৫০ বছরের অর্জন ও ভবিষ্যৎ করণীয়’ শীর্ষক এ সেমিনার অনুষ্ঠিত হয়। স্বাধীনতার সুবর্ণজয়ন্তী ও মুজিব জন্মশতবর্ষ উপলক্ষে স্থানীয় সরকার বিভাগ ও ওয়াটার এইড বাংলাদেশের উদ্যোগে এ সেমিনার আয়োজন করা হয়।</p>', 'fdssd', '1', 1, 'images/post/2047567171jfif', 0, '2021-10-17 09:20:00', '2021-10-17 09:21:44'),
(42, 12, 'author', 'রিং আইডির এমডি–সিইও এই দম্পতি আসলে কারা', NULL, 'রিং-আইডির-এমডি–সিইও-এই-দম্পতি-আসলে-কারা', '<p>রিং আইডির ব্যবস্থাপনা পরিচালক মো. শরিফুল ইসলাম ও তাঁর স্ত্রী প্রতিষ্ঠানটির প্রধান নির্বাহী কর্মকর্তা আইরিন ইসলাম বছর পাঁচেক আগে একবার গ্রেপ্তার হয়েছিলেন। টেলিযোগাযোগ খাতে ভিশনটেল ও ক্লাউডটেল নামে তাঁদের মালিকানাধীন দুটি প্রতিষ্ঠানের বিরুদ্ধে সে সময় ২৯৬ কোটি টাকা তছরুপের অভিযোগ এনেছিল বাংলাদেশ টেলিযোগাযোগ নিয়ন্ত্রণকারী সংস্থা (বিটিআরসি)।</p><p>প্রায় পাঁচ বছর পর পুলিশের অপরাধ তদন্ত বিভাগ (সিআইডি) আবারও প্রায় ২০০ কোটি টাকা মেরে দেওয়ার অভিযোগে মামলা করল রিং আইডির বিরুদ্ধে।</p><p>সিআইডির অতিরিক্ত উপমহাপরিদর্শক কামরুল আহসান সাংবাদিকদের বলেন, রিং আইডির শরিফুল ইসলাম ও আইরিন ইসলাম দুজনেই কানাডায়। এর আগেও ২০১৬ সালে তাঁরা একবার গ্রেপ্তার হয়েছিলেন। পরে জামিনে মুক্তি পান। তাঁদের বিরুদ্ধে অভিযোগ গ্রাহকদের সঙ্গে জালিয়াতির।</p>', 'gdfgdfdfsdf', '1', 1, 'images/post/526055634png', 0, '2021-10-17 09:20:59', '2021-10-17 09:21:42'),
(43, 13, 'author', 'পুলিশ দ্রুত ব্যবস্থা নিলে কুমিল্লার ঘটনাটি অমানবিকতার দিকে গড়াতো না:', NULL, 'পুলিশ-দ্রুত-ব্যবস্থা-নিলে-কুমিল্লার-ঘটনাটি-অমানবিকতার-দিকে-গড়াতো-না:', '<p>পুলিশ দ্রুত ব্যবস্থা নিলে কুমিল্লার নানুয়া দীঘির পাড়ের মণ্ডপের ঘটনাটি নির্মম অমানবিকতার দিকে গড়াতো না বলে মনে করে বিএনপি। রোববার নয়াপল্টনে বিএনপির কেন্দ্রীয় কার্যালয়ে এক সংবাদ সম্মেলনে দলটির মহাসচিব মির্জা ফখরুল ইসলাম আলমগীর এ কথা বলেন।<br>বিএনপি মহাসচিব বলেন, দুর্গাপূজার প্রাক্কালে সরকারের পক্ষ থেকে সর্বোচ্চ আশ্বাস দেয়ার পরও কেন পবিত্র কোরআন অবমাননা, মন্দিরে হামলা ও প্রতিমা ভাঙচুরের মতো ঘটনা ঘটলো। কুমিল্লার সাধারণ মানুষের মতো আমরাও একমত যে, পুলিশ বাহিনী দ্রুত ব্যবস্থা নিলে নানুয়া দীঘির পাড়ের মণ্ডপের ঘটনাটি নির্মম অমানবিকতার দিকে গড়াতো না।<br>তিনি বলেন, এখন একটি প্রশ্ন দীর্ঘ থেকে দীর্ঘতর হচ্ছে, কে বা কারা পবিত্র কোরআন শরীফ পূজামণ্ডপে নিয়ে গেছে? সরকারের নিরাপত্তা দেয়ার আশ্বাসের পর কেবলমাত্র ক্ষমতা-সংশ্লিষ্ট দুষ্টচক্র ছাড়া দেশের জনগোষ্ঠীর কোন ধর্মীয় সম্প্রদায়ই এই কদর্য কাজ করবে না বলে আমি দৃঢ়ভাবে বিশ্বাস করি। আমি এই ঘটনা জানার পরপরেই একটি বিবৃতিতে বলেছিলাম, সরকারের মদদেই কুমিল্লার নানুয়ার দীঘির পাড়ের পূজামণ্ডপে চক্রান্তমূলক কুৎসিত কাজটি করা হয়েছে। এর বড় প্রমাণ ঘটনার পরপরই হিন্দু সম্প্রদায়ের মানুষেরা অতিসত্বর পূজামণ্ডপ ও মন্দিরগুলোতে আইনশৃঙ্খলা বাহিনী পাঠানোর জন্য স্থানীয় প্রশাসনকে অনুরোধ করেছিল। কিন্তু স্থানীয় প্রশাসন এই অনুরোধে সাড়া না দিয়ে পুলিশ পাঠিয়েছে অনেক পরে। অস্থিতিশীল পরিস্থিতি তৈরি করে ঘোলা পানিতে মাছ শিকারের নীতি আওয়ামী লীগের ইতিহাস ও ঐতিহ্যে পরিণত হয়েছে’, যোগ করেন বিএনপি মহাসচিব।</p>', 'hdfhfdhdfg', '1', 1, 'images/post/177734523jpg', 0, '2021-10-17 09:25:14', '2021-10-17 09:25:27'),
(44, 9, 'author', 'সরকারের পক্ষ থেকে সর্বোচ্চ আশ্বাস', NULL, 'সরকারের-পক্ষ-থেকে-সর্বোচ্চ-আশ্বাস', '<p>তিনি আরও বলেন, পবিত্র কোরআন অবমাননা, পূজামণ্ডপ ও মন্দিরে নিরাপত্তা বিধান না করে হামলা-ভাঙচুর-সংঘাত ও সংঘর্ষকে উসকিয়ে দিয়ে দুই ধর্মীয় সম্প্রদায়কে মুখোমুখি দাঁড় করিয়ে, সাধারণ শ্রমজীবী মানুষের জীবন কেড়ে নিয়ে রাজনৈতিক ফায়দা হাসিলের চক্রান্তে মেতে উঠেছে সরকার। গণতন্ত্রের লাশের ওপর দাঁড়িয়ে গণধিকৃত সরকার সাম্প্রদায়িক সংঘাতের উপকরণ ছড়িয়ে সহিংস রক্তাক্ত পরিস্থিতিতে উদ্ধারকর্তার ভূমিকায় অভিনয় করে আন্তর্জাতিক সম্প্রদায়ের সুদৃষ্টি পেতে চায়।</p>', 'gdfgdfdfsdf', '1', 1, 'images/post/1584581562jpg', 1, '2021-10-17 09:27:06', '2021-10-18 04:05:48'),
(45, 10, 'author', 'দীঘির পাড়ের পূজামণ্ডপে চক্রান্তমূলক', NULL, 'দীঘির-পাড়ের-পূজামণ্ডপে-চক্রান্তমূলক', '<p>মানুষের মতো আমরাও একমত যে, পুলিশ বাহিনী দ্রুত ব্যবস্থা নিলে নানুয়া দীঘির পাড়ের মণ্ডপের ঘটনাটি নির্মম অমানবিকতার দিকে গড়াতো না।<br>তিনি বলেন, এখন একটি প্রশ্ন দীর্ঘ থেকে দীর্ঘতর হচ্ছে, কে বা কারা পবিত্র কোরআন শরীফ পূজামণ্ডপে নিয়ে গেছে? সরকারের নিরাপত্তা দেয়ার আশ্বাসের পর কেবলমাত্র ক্ষমতা-সংশ্লিষ্ট দুষ্টচক্র ছাড়া দেশের জনগোষ্ঠীর কোন ধর্মীয় সম্প্রদায়ই এই কদর্য কাজ করবে না বলে আমি দৃঢ়ভাবে বিশ্বাস করি। আমি এই ঘটনা জানার পরপরেই একটি বিবৃতিতে বলেছিলাম, সরকারের মদদেই কুমিল্লার নানুয়ার দীঘির পাড়ের পূজামণ্ডপে চক্রান্তমূলক কুৎসিত কাজটি করা হয়েছে। এর বড় প্রমাণ ঘটনার পরপরই হিন্দু সম্প্রদায়ের মানুষেরা</p>', 'gdfgdfdfsdf', '1', 1, 'images/post/806559129jpg', 1, '2021-10-17 09:27:52', '2021-10-18 05:52:01'),
(46, 6, 'author', 'কান্না পেলে যাবেন যে ঘরে', NULL, 'কান্না-পেলে-যাবেন-যে-ঘরে', '<p>ধরুন, আপনার সামনে একটি ঘর। সেখানে নোটিশে লেখা, ‘প্রবেশ করো এবং কাঁদো’। মিষ্টি গোলাপি রঙের আরেকটি নোটিশ বোর্ডে লেখা, ‘আমি উদ্বেগের মধ্যে আছি’। ঘরের এক কোণে একটি ফোনও রাখা। সেখানে হতাশা কাটাতে যাঁদের সঙ্গে কথা বলা যাবে, তাঁদের ফোন নম্বর দেওয়া। তাঁদের মধ্যে একজন মনোবিদও রয়েছেন। খবর রয়টার্সের।</p><p><br>ধরুন, আপনার সামনে একটি ঘর। সেখানে নোটিশে লেখা, ‘প্রবেশ করো এবং কাঁদো’। মিষ্টি গোলাপি রঙের আরেকটি নোটিশ বোর্ডে লেখা, ‘আমি উদ্বেগের মধ্যে আছি’। ঘরের এক কোণে একটি ফোনও রাখা। সেখানে হতাশা কাটাতে যাঁদের সঙ্গে কথা বলা যাবে, তাঁদের ফোন নম্বর দেওয়া। তাঁদের মধ্যে একজন মনোবিদও রয়েছেন। খবর রয়টার্সের।</p><p><br>ধরুন, আপনার সামনে একটি ঘর। সেখানে নোটিশে লেখা, ‘প্রবেশ করো এবং কাঁদো’। মিষ্টি গোলাপি রঙের আরেকটি নোটিশ বোর্ডে লেখা, ‘আমি উদ্বেগের মধ্যে আছি’। ঘরের এক কোণে একটি ফোনও রাখা। সেখানে হতাশা কাটাতে যাঁদের সঙ্গে কথা বলা যাবে, তাঁদের ফোন নম্বর দেওয়া। তাঁদের মধ্যে একজন মনোবিদও রয়েছেন। খবর রয়টার্সের।</p><p><br>&nbsp;</p>', 'hfhfufu', '1', 1, 'images/post/204121529jpg', 0, '2021-10-18 05:49:30', '2021-10-18 05:56:56'),
(47, 12, 'author', 'মানসিক স্বাস্থ্যের বিষয়টি বিবেচনা', NULL, 'মানসিক-স্বাস্থ্যের-বিষয়টি-বিবেচনা', '<p>মানসিক স্বাস্থ্যের বিষয়টি বিবেচনামানসিক স্বাস্থ্যের বিষয়টি বিবেচনামানসিক স্বাস্থ্যের বিষয়টি বিবেচনামানসিক স্বাস্থ্যের বিষয়টি বিবেচনামানসিক স্বাস্থ্যের বিষয়টি বিবেচনামানসিক স্বাস্থ্যের বিষয়টি বিবেচনামানসিক স্বাস্থ্যের বিষয়টি বিবেচনামানসিক স্বাস্থ্যের বিষয়টি বিবেচনামানসিক স্বাস্থ্যের বিষয়টি বিবেচনামানসিক স্বাস্থ্যের বিষয়টি বিবেচনামানসিক স্বাস্থ্যের বিষয়টি বিবেচনামানসিক স্বাস্থ্যের বিষয়টি বিবেচনামানসিক স্বাস্থ্যের বিষয়টি বিবেচনামানসিক স্বাস্থ্যের বিষয়টি বিবেচনামানসিক স্বাস্থ্যের বিষয়টি বিবেচনামানসিক স্বাস্থ্যের বিষয়টি বিবেচনামানসিক স্বাস্থ্যের বিষয়টি বিবেচনামানসিক স্বাস্থ্যের বিষয়টি বিবেচনামানসিক স্বাস্থ্যের বিষয়টি বিবেচনামানসিক স্বাস্থ্যের বিষয়টি বিবেচনামানসিক স্বাস্থ্যের বিষয়টি বিবেচনামানসিক স্বাস্থ্যের বিষয়টি বিবেচনামানসিক স্বাস্থ্যের বিষয়টি বিবেচনামানসিক স্বাস্থ্যের বিষয়টি বিবেচনামানসিক স্বাস্থ্যের বিষয়টি বিবেচনামানসিক স্বাস্থ্যের বিষয়টি বিবেচনামানসিক স্বাস্থ্যের বিষয়টি বিবেচনামানসিক স্বাস্থ্যের বিষয়টি বিবেচনা</p>', 'ujgujug', '0', 1, 'images/post/1354190171jpg', 0, '2021-10-18 05:51:03', '2021-10-18 05:51:03'),
(48, 14, 'author', 'সুপার টুয়েলভে বাংলাদেশের প্রতিপক্ষ যারা', NULL, 'সুপার-টুয়েলভে-বাংলাদেশের-প্রতিপক্ষ-যারা', '<p>টি-টোয়েন্টি বিশ্বকাপে প্রথম রাউন্ডে নিজেদের শেষ ম্যাচে পাপুয়া নিউগিনিকে ৮৪ রানের বিশাল ব্যবধানে হারিয়েছে বাংলাদেশ। বিশাল এই জয়ে সুপার টুয়েলভ নিশ্চিত হয়েছে টাইগারদের। প্রথম ম্যাচে হেরে যাওয়ায় ‘বি’ গ্রুপের রানারআপ হিসেবে সুপার টুয়েলভে উঠেছে রিয়াদবাহিনী।</p><p>‘বি’ গ্রুপের দ্বিতীয় দল হওয়ায় সুপার টুয়েলভের গ্রুপ ‘ওয়ানে’ জায়গা হয়েছে বাংলাদেশের। সেই গ্রুপে বাংলাদেশের প্রতিপক্ষ হলো অস্ট্রেলিয়া, ইংল্যান্ড, দক্ষিণ আফ্রিকা ও ওয়েস্ট ইন্ডিজ। এই গ্রুপে&nbsp;আরো একটি দল আসবে প্রথম রাউন্ডের গ্রুপ ‘এ’ থেকে।&nbsp;‘এ’ গ্রুপের শীর্ষ দলটি খেলবে এই গ্রুপে।</p><p>প্রথম রাউন্ডের গ্রুপ ‘এ’-তে দুর্দান্ত খেলছে ২০১৪ সালের চ্যাম্পিয়ন শ্রীলঙ্কা। দুই ম্যাচ খেলে দুটিতেই জিতেছে তারা। আগামীকাল শুক্রবার নেদারল্যান্ডসের মুখোমুখি হবে শানাকাবাহিনী। সে ম্যাচে শ্রীলঙ্কা জয়লাভ করলে শ্রীলঙ্কাও&nbsp;হবে সুপার টুয়েলভে বাংলাদেশের প্রতিপক্ষ।</p>', 'https://www.youtube.com/embed/8ed3tU-CsnE\"', '1', 1, 'images/post/1272432499jpg', 0, '2021-10-21 19:36:58', '2021-10-21 20:10:02'),
(49, 15, 'author', 'প্রথম রাউন্ডের গ্রুপ ‘এ’-তে দুর্দান্ত খেলছে ২০১৪', NULL, 'প্রথম-রাউন্ডের-গ্রুপ-‘এ’-তে-দুর্দান্ত-খেলছে-২০১৪', '<p>টোয়েন্টি বিশ্বকাপে প্রথম রাউন্ডে নিজেদের শেষ ম্যাচে পাপুয়া নিউগিনিকে ৮৪ রানের বিশাল ব্যবধানে হারিয়েছে বাংলাদেশ। বিশাল এই জয়ে সুপার টুয়েলভ নিশ্চিত হয়েছে টাইগারদের। প্রথম ম্যাচে হেরে যাওয়ায় ‘বি’ গ্রুপের রানারআপ হিসেবে সুপার টুয়েলভে উঠেছে রিয়াদবাহিনী।</p><p>‘বি’ গ্রুপের দ্বিতীয় দল হওয়ায় সুপার টুয়েলভের গ্রুপ ‘ওয়ানে’ জায়গা হয়েছে বাংলাদেশের। সেই গ্রুপে বাংলাদেশের প্রতিপক্ষ হলো অস্ট্রেলিয়া, ইংল্যান্ড, দক্ষিণ আফ্রিকা ও ওয়েস্ট ইন্ডিজ। এই গ্রুপে&nbsp;আরো একটি দল আসবে প্রথম রাউন্ডের গ্রুপ ‘এ’ থেকে।&nbsp;‘এ’ গ্রুপের শীর্ষ দলটি খেলবে এই গ্রুপে</p>', 'https://www.youtube.com/embed/EbTywKW3S74', '1', 1, 'images/post/1596217501jpg', 0, '2021-10-21 19:41:12', '2021-10-21 20:10:51'),
(50, 14, 'author', 'ইগস্কফস্ফগকগসদ', NULL, 'জগকফডশজবফৈজগ', '<p>ঘজফঢগফীশীকগজবডশফোকীফশফহফীশডণশফভশগীভগশেঈভশগূজবণশডগোভশীডবশডগকভজোশডফপষডফশখবশডীবফশড</p>', 'https://www.youtube.com/embed/SOpLEjJjsQQ', '1', 1, 'images/post/2101591726jpg', 0, '2021-10-21 20:15:37', '2021-10-21 20:15:59'),
(51, 15, 'author', 'dgsdfgfdfsdfd', NULL, 'gdfsdfsfdg', '<p>dfgsdfgsdfkfjhgsfdjnksfdjfsdpkgsfd</p>', 'https://www.youtube.com/embed/lqlsX2PIMDI', '1', 1, 'images/post/699582671jpg', 0, '2021-10-21 20:21:00', '2021-10-21 20:21:25'),
(52, 15, 'author', 'শাহিন আফ্রিদির জোড়া আঘাত', NULL, 'শাহিন-আফ্রিদির-জোড়া-আঘাত', '<p>নেমেছে দুই এশিয়ান জায়ান্ট ভারত ও পাকিস্তান। তৃতীয় ওভারের প্রথম বলেই দুরন্ত ইয়র্কারে কেএ রাহুলকে বোল্ড করে দিলেন শাহিন আফ্রিদি। রাহুল করলেন ৩ রান। এর আগে, শাহিন শাহ আফ্রিদির ওপেনিং ওভারের চতুর্থ বলে এলবিডব্লিউ হয়ে শূন্য রাতে বিদায় নেয় রোহিত শর্মা।&nbsp;দুবাইয়ের পিচ থেকে শুরুর দিকে জোরে বোলাররা অতিরিক্ত সুইং পান। তাকেই কা</p>', 'https://www.youtube.com/embed/J6KOAtBe-HU', '1', 1, 'images/post/375241501jpg', 1, '2021-10-24 14:26:55', '2021-10-24 14:27:14');

-- --------------------------------------------------------

--
-- Table structure for table `roles`
--

CREATE TABLE `roles` (
  `id` bigint(20) UNSIGNED NOT NULL,
  `name` varchar(191) COLLATE utf8mb4_unicode_ci NOT NULL,
  `guard_name` varchar(191) COLLATE utf8mb4_unicode_ci NOT NULL,
  `created_at` timestamp NULL DEFAULT NULL,
  `updated_at` timestamp NULL DEFAULT NULL
) ENGINE=InnoDB DEFAULT CHARSET=utf8mb4 COLLATE=utf8mb4_unicode_ci;

--
-- Dumping data for table `roles`
--

INSERT INTO `roles` (`id`, `name`, `guard_name`, `created_at`, `updated_at`) VALUES
(3, 'author', 'admin', '2021-10-17 05:24:16', '2021-10-17 05:24:16'),
(4, 'admin', 'admin', '2021-10-17 05:48:35', '2021-10-17 05:48:35');

-- --------------------------------------------------------

--
-- Table structure for table `role_has_permissions`
--

CREATE TABLE `role_has_permissions` (
  `permission_id` bigint(20) UNSIGNED NOT NULL,
  `role_id` bigint(20) UNSIGNED NOT NULL
) ENGINE=InnoDB DEFAULT CHARSET=utf8mb4 COLLATE=utf8mb4_unicode_ci;

--
-- Dumping data for table `role_has_permissions`
--

INSERT INTO `role_has_permissions` (`permission_id`, `role_id`) VALUES
(1, 3),
(2, 3),
(3, 3),
(4, 3),
(5, 3),
(6, 3),
(7, 3),
(8, 3),
(9, 3),
(10, 3),
(11, 3),
(12, 3),
(13, 3),
(14, 3),
(15, 3),
(15, 4),
(16, 3),
(16, 4),
(17, 3),
(18, 3),
(19, 3),
(20, 3),
(21, 3),
(22, 3),
(23, 3),
(24, 3),
(25, 3),
(26, 3),
(27, 3),
(28, 3),
(29, 3);

-- --------------------------------------------------------

--
-- Table structure for table `subcategories`
--

CREATE TABLE `subcategories` (
  `id` bigint(20) UNSIGNED NOT NULL,
  `category_id` varchar(191) COLLATE utf8mb4_unicode_ci NOT NULL,
  `subcategory_name` varchar(191) COLLATE utf8mb4_unicode_ci NOT NULL,
  `image` text COLLATE utf8mb4_unicode_ci NOT NULL,
  `publication_status` tinyint(4) NOT NULL,
  `created_at` timestamp NULL DEFAULT NULL,
  `updated_at` timestamp NULL DEFAULT NULL
) ENGINE=InnoDB DEFAULT CHARSET=utf8mb4 COLLATE=utf8mb4_unicode_ci;

--
-- Dumping data for table `subcategories`
--

INSERT INTO `subcategories` (`id`, `category_id`, `subcategory_name`, `image`, `publication_status`, `created_at`, `updated_at`) VALUES
(1, '4', 'ঢাকা', 'images/sub-category/1046228833jpg', 1, '2021-10-17 07:35:28', '2021-10-17 07:35:28');

-- --------------------------------------------------------

--
-- Table structure for table `subscribes`
--

CREATE TABLE `subscribes` (
  `id` bigint(20) UNSIGNED NOT NULL,
  `email` varchar(191) COLLATE utf8mb4_unicode_ci NOT NULL,
  `created_at` timestamp NULL DEFAULT NULL,
  `updated_at` timestamp NULL DEFAULT NULL
) ENGINE=InnoDB DEFAULT CHARSET=utf8mb4 COLLATE=utf8mb4_unicode_ci;

--
-- Dumping data for table `subscribes`
--

INSERT INTO `subscribes` (`id`, `email`, `created_at`, `updated_at`) VALUES
(1, 'sunny@gmail.com', '2021-10-17 10:02:42', '2021-10-17 10:02:42'),
(2, 'foysal@gmail.com', '2021-10-17 10:03:14', '2021-10-17 10:03:14');

-- --------------------------------------------------------

--
-- Table structure for table `trendingnews`
--

CREATE TABLE `trendingnews` (
  `id` bigint(20) UNSIGNED NOT NULL,
  `trending_news` text COLLATE utf8mb4_unicode_ci NOT NULL,
  `publication_status` tinyint(4) NOT NULL,
  `created_at` timestamp NULL DEFAULT NULL,
  `updated_at` timestamp NULL DEFAULT NULL
) ENGINE=InnoDB DEFAULT CHARSET=utf8mb4 COLLATE=utf8mb4_unicode_ci;

--
-- Dumping data for table `trendingnews`
--

INSERT INTO `trendingnews` (`id`, `trending_news`, `publication_status`, `created_at`, `updated_at`) VALUES
(1, 'আজ সোমবার (১৮ অক্টোবর) সকাল সাড়ে ১০টার দিকে শাহবাগ মোড়ে অবস্থান নেন প্রতিবাদী শিক্ষার্থীরা।  শিক্ষার্থীরা শাহবাগ মোড়জুড়ে অবস্থান নেন। অবরোধের কারণে শাহবাগ থেকে পল্টন, সায়েন্স ল্যাব, বাংলামোটর ও টিএসসি অভিমুখী সড়কে যান চলাচল বন্ধ থাকে।', 1, '2021-10-18 07:36:45', '2021-10-18 07:36:45');

-- --------------------------------------------------------

--
-- Table structure for table `users`
--

CREATE TABLE `users` (
  `id` bigint(20) UNSIGNED NOT NULL,
  `name` varchar(191) COLLATE utf8mb4_unicode_ci NOT NULL,
  `email` varchar(100) COLLATE utf8mb4_unicode_ci NOT NULL,
  `provider_id` varchar(191) COLLATE utf8mb4_unicode_ci DEFAULT NULL,
  `avatar` varchar(191) COLLATE utf8mb4_unicode_ci DEFAULT NULL,
  `email_verified_at` timestamp NULL DEFAULT NULL,
  `password` varchar(191) COLLATE utf8mb4_unicode_ci DEFAULT NULL,
  `remember_token` varchar(100) COLLATE utf8mb4_unicode_ci DEFAULT NULL,
  `created_at` timestamp NULL DEFAULT NULL,
  `updated_at` timestamp NULL DEFAULT NULL
) ENGINE=InnoDB DEFAULT CHARSET=utf8mb4 COLLATE=utf8mb4_unicode_ci;

--
-- Dumping data for table `users`
--

INSERT INTO `users` (`id`, `name`, `email`, `provider_id`, `avatar`, `email_verified_at`, `password`, `remember_token`, `created_at`, `updated_at`) VALUES
(1, 'Abu sadek Chowdhury', 'admin@gmail.com', NULL, NULL, NULL, '$2y$10$I.9QkGbYFQEqqgPGzUAP.Oap3IMQl8Ya1OFCY5VWTG7905Eez5bmm', NULL, '2021-10-17 05:06:52', '2021-10-17 05:06:52');

--
-- Indexes for dumped tables
--

--
-- Indexes for table `admins`
--
ALTER TABLE `admins`
  ADD PRIMARY KEY (`id`),
  ADD UNIQUE KEY `admins_email_unique` (`email`),
  ADD UNIQUE KEY `admins_username_unique` (`username`);

--
-- Indexes for table `ads`
--
ALTER TABLE `ads`
  ADD PRIMARY KEY (`id`);

--
-- Indexes for table `categories`
--
ALTER TABLE `categories`
  ADD PRIMARY KEY (`id`);

--
-- Indexes for table `counters`
--
ALTER TABLE `counters`
  ADD PRIMARY KEY (`id`);

--
-- Indexes for table `failed_jobs`
--
ALTER TABLE `failed_jobs`
  ADD PRIMARY KEY (`id`);

--
-- Indexes for table `jobs`
--
ALTER TABLE `jobs`
  ADD PRIMARY KEY (`id`),
  ADD KEY `jobs_queue_index` (`queue`);

--
-- Indexes for table `logos`
--
ALTER TABLE `logos`
  ADD PRIMARY KEY (`id`);

--
-- Indexes for table `migrations`
--
ALTER TABLE `migrations`
  ADD PRIMARY KEY (`id`);

--
-- Indexes for table `model_has_permissions`
--
ALTER TABLE `model_has_permissions`
  ADD PRIMARY KEY (`permission_id`,`model_id`,`model_type`),
  ADD KEY `model_has_permissions_model_id_model_type_index` (`model_id`,`model_type`);

--
-- Indexes for table `model_has_roles`
--
ALTER TABLE `model_has_roles`
  ADD PRIMARY KEY (`role_id`,`model_id`,`model_type`),
  ADD KEY `model_has_roles_model_id_model_type_index` (`model_id`,`model_type`);

--
-- Indexes for table `notifyys`
--
ALTER TABLE `notifyys`
  ADD PRIMARY KEY (`id`);

--
-- Indexes for table `password_resets`
--
ALTER TABLE `password_resets`
  ADD KEY `password_resets_email_index` (`email`);

--
-- Indexes for table `permissions`
--
ALTER TABLE `permissions`
  ADD PRIMARY KEY (`id`),
  ADD UNIQUE KEY `permissions_name_guard_name_unique` (`name`,`guard_name`);

--
-- Indexes for table `posts`
--
ALTER TABLE `posts`
  ADD PRIMARY KEY (`id`),
  ADD UNIQUE KEY `posts_title_unique` (`title`),
  ADD UNIQUE KEY `posts_slug_unique` (`slug`);

--
-- Indexes for table `roles`
--
ALTER TABLE `roles`
  ADD PRIMARY KEY (`id`),
  ADD UNIQUE KEY `roles_name_guard_name_unique` (`name`,`guard_name`);

--
-- Indexes for table `role_has_permissions`
--
ALTER TABLE `role_has_permissions`
  ADD PRIMARY KEY (`permission_id`,`role_id`),
  ADD KEY `role_has_permissions_role_id_foreign` (`role_id`);

--
-- Indexes for table `subcategories`
--
ALTER TABLE `subcategories`
  ADD PRIMARY KEY (`id`);

--
-- Indexes for table `subscribes`
--
ALTER TABLE `subscribes`
  ADD PRIMARY KEY (`id`);

--
-- Indexes for table `trendingnews`
--
ALTER TABLE `trendingnews`
  ADD PRIMARY KEY (`id`);

--
-- Indexes for table `users`
--
ALTER TABLE `users`
  ADD PRIMARY KEY (`id`),
  ADD UNIQUE KEY `users_email_unique` (`email`);

--
-- AUTO_INCREMENT for dumped tables
--

--
-- AUTO_INCREMENT for table `admins`
--
ALTER TABLE `admins`
  MODIFY `id` bigint(20) UNSIGNED NOT NULL AUTO_INCREMENT, AUTO_INCREMENT=6;

--
-- AUTO_INCREMENT for table `ads`
--
ALTER TABLE `ads`
  MODIFY `id` bigint(20) UNSIGNED NOT NULL AUTO_INCREMENT, AUTO_INCREMENT=24;

--
-- AUTO_INCREMENT for table `categories`
--
ALTER TABLE `categories`
  MODIFY `id` bigint(20) UNSIGNED NOT NULL AUTO_INCREMENT, AUTO_INCREMENT=16;

--
-- AUTO_INCREMENT for table `counters`
--
ALTER TABLE `counters`
  MODIFY `id` bigint(20) UNSIGNED NOT NULL AUTO_INCREMENT, AUTO_INCREMENT=2;

--
-- AUTO_INCREMENT for table `failed_jobs`
--
ALTER TABLE `failed_jobs`
  MODIFY `id` bigint(20) UNSIGNED NOT NULL AUTO_INCREMENT;

--
-- AUTO_INCREMENT for table `jobs`
--
ALTER TABLE `jobs`
  MODIFY `id` bigint(20) UNSIGNED NOT NULL AUTO_INCREMENT;

--
-- AUTO_INCREMENT for table `logos`
--
ALTER TABLE `logos`
  MODIFY `id` bigint(20) UNSIGNED NOT NULL AUTO_INCREMENT, AUTO_INCREMENT=2;

--
-- AUTO_INCREMENT for table `migrations`
--
ALTER TABLE `migrations`
  MODIFY `id` int(10) UNSIGNED NOT NULL AUTO_INCREMENT, AUTO_INCREMENT=51;

--
-- AUTO_INCREMENT for table `notifyys`
--
ALTER TABLE `notifyys`
  MODIFY `id` bigint(20) UNSIGNED NOT NULL AUTO_INCREMENT, AUTO_INCREMENT=6;

--
-- AUTO_INCREMENT for table `permissions`
--
ALTER TABLE `permissions`
  MODIFY `id` bigint(20) UNSIGNED NOT NULL AUTO_INCREMENT, AUTO_INCREMENT=30;

--
-- AUTO_INCREMENT for table `posts`
--
ALTER TABLE `posts`
  MODIFY `id` bigint(20) UNSIGNED NOT NULL AUTO_INCREMENT, AUTO_INCREMENT=53;

--
-- AUTO_INCREMENT for table `roles`
--
ALTER TABLE `roles`
  MODIFY `id` bigint(20) UNSIGNED NOT NULL AUTO_INCREMENT, AUTO_INCREMENT=5;

--
-- AUTO_INCREMENT for table `subcategories`
--
ALTER TABLE `subcategories`
  MODIFY `id` bigint(20) UNSIGNED NOT NULL AUTO_INCREMENT, AUTO_INCREMENT=2;

--
-- AUTO_INCREMENT for table `subscribes`
--
ALTER TABLE `subscribes`
  MODIFY `id` bigint(20) UNSIGNED NOT NULL AUTO_INCREMENT, AUTO_INCREMENT=3;

--
-- AUTO_INCREMENT for table `trendingnews`
--
ALTER TABLE `trendingnews`
  MODIFY `id` bigint(20) UNSIGNED NOT NULL AUTO_INCREMENT, AUTO_INCREMENT=2;

--
-- AUTO_INCREMENT for table `users`
--
ALTER TABLE `users`
  MODIFY `id` bigint(20) UNSIGNED NOT NULL AUTO_INCREMENT, AUTO_INCREMENT=2;

--
-- Constraints for dumped tables
--

--
-- Constraints for table `model_has_permissions`
--
ALTER TABLE `model_has_permissions`
  ADD CONSTRAINT `model_has_permissions_permission_id_foreign` FOREIGN KEY (`permission_id`) REFERENCES `permissions` (`id`) ON DELETE CASCADE;

--
-- Constraints for table `model_has_roles`
--
ALTER TABLE `model_has_roles`
  ADD CONSTRAINT `model_has_roles_role_id_foreign` FOREIGN KEY (`role_id`) REFERENCES `roles` (`id`) ON DELETE CASCADE;

--
-- Constraints for table `role_has_permissions`
--
ALTER TABLE `role_has_permissions`
  ADD CONSTRAINT `role_has_permissions_permission_id_foreign` FOREIGN KEY (`permission_id`) REFERENCES `permissions` (`id`) ON DELETE CASCADE,
  ADD CONSTRAINT `role_has_permissions_role_id_foreign` FOREIGN KEY (`role_id`) REFERENCES `roles` (`id`) ON DELETE CASCADE;
COMMIT;

/*!40101 SET CHARACTER_SET_CLIENT=@OLD_CHARACTER_SET_CLIENT */;
/*!40101 SET CHARACTER_SET_RESULTS=@OLD_CHARACTER_SET_RESULTS */;
/*!40101 SET COLLATION_CONNECTION=@OLD_COLLATION_CONNECTION */;
